TransactionID,UserID,Amount,Timestamp,Location,Merchant,IPAddress,Device
TX00000,U046,3040.27,2025-07-11 01:05:14,Monicaview,"Green, Wilson and Thomas",131.133.33.75,Android
TX00001,U010,6096.12,2025-07-19 19:50:31,Antwerp,"West, Scott and Black",211.160.50.150,Windows
TX00002,U044,8638.05,2025-07-21 15:01:41,Brussels,Simmons PLC,88.111.124.12,Android
TX00003,U036,15000.0,2025-08-02 00:12:57,Karaton,Blair-White,91.81.170.184,iPhone
TX00004,U022,5000.0,2025-07-18 16:03:41,Ghent,Jimenez-Sutton,64.114.105.76,Android
TX00005,U049,5000.0,2025-07-10 05:41:38,Liege,Jones Ltd,33.182.56.184,Android
TX00006,U031,1000.0,2025-07-26 18:29:46,Antwerp,"Wiggins, Martinez and Herman",161.114.59.238,Android
TX00007,U018,2666.08,2025-07-08 01:19:51,Brussels,Ward-Cortez,36.86.40.39,iPhone
TX00008,U025,7450.55,2025-07-18 09:00:02,Ghent,"Marquez, Patterson and Madden",122.75.89.101,Android
TX00009,U033,15000.0,2025-07-14 09:03:29,Antwerp,Mendoza PLC,122.247.36.254,Android
TX00010,U011,1492.55,2025-07-16 21:47:17,Antwerp,"Navarro, Sandoval and Ortiz",198.76.32.99,iPhone
TX00011,U006,3380.53,2025-07-21 07:13:52,Brussels,Pittman-Daniels,50.235.77.165,Android
TX00012,U026,10000.0,2025-07-17 17:08:51,Brussels,Brown PLC,161.254.57.213,Windows
TX00013,U037,10000.0,2025-07-20 14:41:21,Ghent,Castro-Collins,186.145.246.73,Windows
TX00014,U039,1000.0,2025-07-18 11:54:33,Port Erik,Mcgee-Smith,72.191.213.62,iPhone
TX00015,U046,2000.0,2025-07-12 23:49:15,Ghent,"Wallace, Edwards and Myers",174.255.27.245,Android
TX00016,U021,10000.0,2025-08-04 08:38:54,Liege,gambling_site,91.114.83.82,Windows
TX00017,U018,15000.0,2025-07-10 11:51:00,Port Jesusmouth,"Pearson, King and Mccormick",36.86.40.39,iPhone
TX00018,U030,1000.0,2025-07-09 11:39:58,Liege,Watson-Roberts,104.63.185.245,Android
TX00019,U008,2982.31,2025-07-21 02:53:10,Ghent,gambling_site,41.190.36.206,Windows
TX00020,U046,1000.0,2025-08-05 19:14:22,New Laura,Johnson-Hanson,131.133.33.75,Android
TX00021,U021,5719.63,2025-07-29 12:22:27,Liege,Gilmore-Walker,86.124.93.168,Windows
TX00022,U026,15000.0,2025-07-15 07:26:45,Brussels,gambling_site,161.254.57.213,Android
TX00023,U021,1000.0,2025-07-21 03:31:17,Port Tammy,Matthews-Love,91.114.83.82,Windows
TX00024,U008,10000.0,2025-07-23 19:04:55,North Elizabethfort,Ellis-Farley,41.190.36.206,Windows
TX00025,U021,131.29,2025-07-31 10:09:30,Liege,"Ochoa, Hernandez and Johnson",110.109.21.78,Windows
TX00026,U008,8455.68,2025-07-23 01:48:00,Ghent,Mendoza-Murphy,41.190.36.206,Windows
TX00027,U039,6835.46,2025-07-26 23:41:50,Ghent,"Allison, Sharp and Faulkner",72.191.213.62,Windows
TX00028,U036,15000.0,2025-07-08 14:49:52,West Micheletown,"Smith, Hines and Lopez",91.81.170.184,iPhone
TX00029,U046,6785.8,2025-07-28 06:47:53,Ghent,King Inc,131.133.33.75,Android
TX00030,U003,4263.15,2025-07-13 15:41:00,Liege,"Barton, Moon and Moody",36.98.213.67,Android
TX00031,U049,4350.27,2025-08-02 02:29:08,Liege,Greene-Phelps,33.182.56.184,Windows
TX00032,U038,5000.0,2025-07-14 19:00:08,Antwerp,Hunt-Diaz,72.240.109.133,iPhone
TX00033,U048,2000.0,2025-07-30 02:51:08,Liege,gambling_site,194.114.42.149,Android
TX00034,U025,1000.0,2025-08-06 02:05:04,Ghent,Owens LLC,174.89.104.201,Android
TX00035,U009,10000.0,2025-07-20 19:24:33,Antwerp,Davies Group,108.48.252.196,Android
TX00036,U018,10000.0,2025-08-04 17:30:22,Brussels,Allen-Garner,163.239.107.215,iPhone
TX00037,U047,10000.0,2025-07-12 15:44:03,Brussels,gambling_site,116.132.218.135,Android
TX00038,U043,1000.0,2025-08-04 20:27:42,Brussels,"Velez, Harding and Allison",112.138.169.78,Windows
TX00039,U007,6606.32,2025-07-08 12:54:21,Liege,Frazier-Higgins,134.100.180.158,Windows
TX00040,U039,1000.0,2025-07-14 23:39:34,Ghent,Andersen PLC,72.191.213.62,Windows
TX00041,U033,5254.43,2025-07-24 07:37:38,Antwerp,Fields-Williams,18.12.31.214,Android
TX00042,U041,1812.89,2025-07-31 22:13:22,Liege,Stein Ltd,188.18.233.109,Windows
TX00043,U023,15000.0,2025-07-29 01:03:48,West Tiffanyville,Diaz-Kelly,39.200.62.113,iPhone
TX00044,U037,10000.0,2025-07-23 21:39:41,Ghent,Diaz-Jensen,186.145.246.73,iPhone
TX00045,U005,5466.04,2025-07-16 18:05:29,Danielsbury,Nelson-Adams,68.84.121.18,Android
TX00046,U011,15000.0,2025-07-09 09:49:51,Antwerp,shady_merchant,198.76.32.99,iPhone
TX00047,U017,8091.21,2025-07-16 07:05:15,Brussels,"Johnson, Stokes and Johnson",126.216.229.222,Android
TX00048,U034,1000.0,2025-08-02 07:25:18,Ghent,"Fuller, Pope and Roberson",140.91.50.65,iPhone
TX00049,U047,7481.24,2025-07-21 21:11:35,Brussels,Davis PLC,116.132.218.135,Android
TX00050,U023,2594.67,2025-08-02 06:29:09,Sharonland,"Nelson, Clark and Robertson",39.200.62.113,iPhone
TX00051,U011,3390.52,2025-07-21 02:55:55,Antwerp,"Sellers, Lowe and Harris",42.250.138.224,Android
TX00052,U044,5000.0,2025-07-26 19:34:09,Brussels,Gross Group,88.111.124.12,Android
TX00053,U039,861.96,2025-07-08 18:37:39,Ghent,Harper LLC,62.240.118.194,iPhone
TX00054,U041,7914.24,2025-07-08 00:48:15,Smithland,Mitchell PLC,78.176.219.192,Android
TX00055,U044,10000.0,2025-08-05 20:41:20,Brussels,Andrews-Bond,88.111.124.12,iPhone
TX00056,U010,2000.0,2025-07-30 04:17:30,Ianville,"Rogers, Davis and Morris",211.160.50.150,Windows
TX00057,U024,6087.32,2025-07-30 13:27:46,Cynthiamouth,Turner Inc,206.123.181.38,iPhone
TX00058,U023,8761.89,2025-07-10 10:06:28,Ghent,"Trevino, Torres and Delgado",39.200.62.113,iPhone
TX00059,U030,15000.0,2025-07-18 13:59:38,Liege,Bennett PLC,186.63.48.142,Windows
TX00060,U029,15000.0,2025-07-11 14:43:09,Antwerp,"Cochran, Singh and Bailey",1.221.58.215,iPhone
TX00061,U005,3547.66,2025-07-10 14:46:19,Brussels,"Torres, Mills and Nguyen",68.84.121.18,Android
TX00062,U035,5000.0,2025-07-25 16:20:18,Ghent,"Buchanan, Farrell and Simpson",82.182.106.36,Windows
TX00063,U039,5000.0,2025-08-03 00:59:25,Ghent,gambling_site,72.191.213.62,iPhone
TX00064,U036,1807.74,2025-07-13 18:57:15,Ghent,Graham and Sons,91.81.170.184,iPhone
TX00065,U042,5306.9,2025-07-18 13:24:48,Liege,"Hancock, Malone and Martinez",12.240.217.204,Windows
TX00066,U047,6489.63,2025-08-04 10:52:20,Brussels,Thompson PLC,116.132.218.135,Android
TX00067,U022,9706.29,2025-07-26 01:49:03,Ghent,Brock PLC,64.114.105.76,Android
TX00068,U026,5000.0,2025-07-09 02:29:00,Brussels,Briggs Group,161.254.57.213,Windows
TX00069,U010,10000.0,2025-08-06 02:39:38,Antwerp,Kaiser Group,211.160.50.150,Windows
TX00070,U028,5000.0,2025-07-27 10:04:16,East Carlview,"Ball, Miller and Rogers",35.50.83.46,iPhone
TX00071,U045,8895.12,2025-08-05 01:58:28,Ghent,"Rogers, Carrillo and Davis",170.85.36.132,Windows
TX00072,U014,5000.0,2025-07-12 08:58:00,Antwerp,"Taylor, Fuller and Morton",37.220.133.182,Windows
TX00073,U039,5141.65,2025-07-21 23:04:33,Ghent,Richardson Inc,72.191.213.62,iPhone
TX00074,U034,6308.32,2025-07-13 18:23:39,Ghent,Reynolds Ltd,140.91.50.65,iPhone
TX00075,U024,2439.85,2025-07-24 20:10:13,Brussels,Sanders-Wilson,66.89.116.46,Windows
TX00076,U008,5000.0,2025-07-22 06:38:40,Ghent,"Miller, Gardner and Evans",41.190.36.206,iPhone
TX00077,U026,863.58,2025-07-18 00:42:48,Sotobury,"Gonzales, Williams and Castillo",161.254.57.213,Android
TX00078,U039,3605.07,2025-07-18 22:59:39,Ghent,Silva Group,72.191.213.62,iPhone
TX00079,U020,3477.52,2025-07-10 23:00:30,Liege,Lloyd-Marsh,16.175.9.115,Android
TX00080,U009,1227.37,2025-07-22 05:58:48,Antwerp,"Smith, Woods and Salas",108.48.252.196,Android
TX00081,U041,5834.38,2025-07-29 19:19:19,Jacksonhaven,Schmidt and Sons,10.126.204.121,iPhone
TX00082,U031,2000.0,2025-07-31 03:14:33,Antwerp,Jackson-Johnson,161.114.59.238,iPhone
TX00083,U016,5868.95,2025-07-12 12:12:04,Antwerp,Peterson-Collins,157.35.50.245,iPhone
TX00084,U034,9126.78,2025-07-27 20:00:33,Juarezhaven,Gonzales and Sons,140.91.50.65,iPhone
TX00085,U000,15000.0,2025-07-22 11:10:31,Antwerp,Proctor-Gutierrez,138.55.73.21,iPhone
TX00086,U008,736.43,2025-07-20 21:27:07,Ghent,Obrien PLC,144.197.108.12,Windows
TX00087,U026,15000.0,2025-07-27 07:41:27,Brussels,Austin-Moyer,161.254.57.213,Windows
TX00088,U014,8373.95,2025-07-23 18:58:36,Antwerp,Boyd-Jones,37.220.133.182,Windows
TX00089,U020,5000.0,2025-08-01 04:07:07,Liege,Sosa-Taylor,16.175.9.115,Android
TX00090,U008,2000.0,2025-07-13 18:47:05,Ghent,"Henry, Martin and Crawford",10.65.211.23,Windows
TX00091,U027,15000.0,2025-07-31 08:50:58,Ghent,"Strickland, Matthews and House",78.185.111.100,iPhone
TX00092,U032,3227.56,2025-07-22 03:13:53,West Jefferyland,Harper LLC,82.25.6.58,Android
TX00093,U034,2000.0,2025-07-16 21:16:21,Ghent,Brown and Sons,140.91.50.65,iPhone
TX00094,U018,15000.0,2025-08-02 18:02:08,Brussels,Jennings PLC,36.86.40.39,Android
TX00095,U028,6312.9,2025-07-09 12:52:19,Antwerp,Lawrence-Dixon,173.52.76.152,iPhone
TX00096,U042,2000.0,2025-07-31 20:42:17,Liege,Martin-Coleman,12.240.217.204,Windows
TX00097,U039,1000.0,2025-07-19 19:20:33,Ghent,Bauer-Greene,72.191.213.62,iPhone
TX00098,U026,5000.0,2025-08-05 03:00:27,Brussels,Newton-Smith,161.254.57.213,Windows
TX00099,U027,15000.0,2025-07-18 20:24:16,Ghent,"Kelly, Green and Bennett",131.200.45.199,iPhone
TX00100,U024,10000.0,2025-08-05 08:40:32,Gonzalezton,Taylor LLC,217.213.97.28,iPhone
TX00101,U026,1000.0,2025-07-18 23:13:14,South Amandaland,"Cook, Chen and Wagner",161.254.57.213,Windows
TX00102,U013,9903.76,2025-07-15 06:30:16,Liege,Roberts PLC,118.97.146.128,Android
TX00103,U004,5000.0,2025-07-30 13:25:33,Liege,"Moore, Oneal and Sparks",81.21.245.155,Windows
TX00104,U049,1000.0,2025-07-09 15:17:59,Rodriguezberg,"Munoz, Owens and Willis",102.30.54.77,Android
TX00105,U015,8643.68,2025-08-01 09:52:38,Brussels,"Miles, Schaefer and Phillips",73.175.25.155,Android
TX00106,U011,15000.0,2025-07-14 07:17:08,Antwerp,Brown-Everett,198.76.32.99,Android
TX00107,U036,723.52,2025-07-08 10:07:31,Ghent,"Miller, Morse and Aguilar",149.199.238.139,iPhone
TX00108,U047,5718.5,2025-07-16 10:33:31,Brussels,shady_merchant,193.20.195.27,Android
TX00109,U046,9884.01,2025-07-12 10:20:55,Ghent,Russell-Rowe,2.48.37.57,Android
TX00110,U011,1767.67,2025-07-23 09:04:49,Elizabethfort,Perez and Sons,198.76.32.99,iPhone
TX00111,U010,10000.0,2025-07-19 04:16:32,Antwerp,Acevedo-Jensen,211.160.50.150,Windows
TX00112,U038,2884.28,2025-07-28 06:02:50,Antwerp,"Dyer, Navarro and Weaver",72.240.109.133,iPhone
TX00113,U018,1439.39,2025-07-24 22:45:10,Lisaton,"Bailey, Jackson and Hayes",81.80.225.88,iPhone
TX00114,U047,3428.89,2025-07-24 09:42:34,West George,"Swanson, Burton and Johnson",128.226.173.58,Android
TX00115,U048,5108.77,2025-07-14 23:38:38,Liege,Drake-Flores,48.136.244.209,Android
TX00116,U032,2987.84,2025-07-21 01:04:53,South Andrewbury,Richardson-Coleman,82.25.6.58,Android
TX00117,U024,21.7,2025-07-13 03:20:14,Brussels,"George, Evans and Bender",217.213.97.28,Android
TX00118,U026,1046.36,2025-07-15 00:12:03,Brussels,Underwood-Garcia,161.254.57.213,Windows
TX00119,U009,15000.0,2025-07-12 18:24:22,Antwerp,shady_merchant,108.48.252.196,Windows
TX00120,U010,15000.0,2025-07-16 03:00:58,Antwerp,Peterson-Roberson,211.160.50.150,Windows
TX00121,U031,5000.0,2025-08-05 06:23:05,New Samanthaport,Hogan Group,161.114.59.238,Android
TX00122,U007,10000.0,2025-07-15 12:00:42,Liege,"Williams, Smith and Fry",142.248.221.41,Android
TX00123,U022,5264.92,2025-07-27 09:46:37,Ghent,"Avila, Wood and Dominguez",64.114.105.76,Android
TX00124,U017,7934.1,2025-07-12 17:37:34,Brussels,"Duffy, Cole and Nunez",25.47.206.119,Windows
TX00125,U007,7237.85,2025-07-17 07:40:27,Liege,Chavez Ltd,123.120.68.240,Android
TX00126,U024,3325.01,2025-08-01 23:32:01,Ramireztown,Moore PLC,217.213.97.28,iPhone
TX00127,U008,5404.27,2025-07-08 01:41:00,Janetchester,Price-Mccarty,41.190.36.206,Windows
TX00128,U042,2000.0,2025-08-03 03:43:46,Liege,Miller-Rush,12.240.217.204,Windows
TX00129,U047,10000.0,2025-07-30 02:23:31,Brussels,Shields and Sons,116.132.218.135,Android
TX00130,U027,5863.63,2025-08-01 03:13:20,Ghent,"Vasquez, Johnston and Ruiz",78.185.111.100,iPhone
TX00131,U041,5000.0,2025-07-19 23:16:29,Liege,"Porter, Myers and Jones",10.126.204.121,Windows
TX00132,U038,2000.0,2025-07-10 07:31:04,Antwerp,gambling_site,72.240.109.133,iPhone
TX00133,U009,5000.0,2025-07-27 05:08:46,Antwerp,gambling_site,108.48.252.196,Android
TX00134,U047,15000.0,2025-07-08 09:27:45,Brussels,Clark-Villarreal,184.39.198.144,Android
TX00135,U014,15000.0,2025-07-20 14:14:09,Antwerp,gambling_site,37.220.133.182,iPhone
TX00136,U005,15000.0,2025-07-21 12:58:48,Brussels,"Williams, White and Hall",191.45.116.96,Android
TX00137,U006,2000.0,2025-07-15 07:14:31,Brussels,Kennedy Ltd,170.218.105.33,Android
TX00138,U004,2000.0,2025-07-23 02:30:37,Liege,"Brown, Butler and Stone",66.138.221.160,Windows
TX00139,U017,1000.0,2025-08-01 00:26:48,Brussels,"Harris, Cooke and King",25.47.206.119,Windows
TX00140,U048,5000.0,2025-07-29 13:45:26,Liege,"Murphy, Marsh and Long",48.136.244.209,Android
TX00141,U017,1901.56,2025-07-27 10:03:33,Brussels,"Walker, Gentry and Ray",116.100.95.93,Windows
TX00142,U033,15000.0,2025-07-30 23:28:26,Ericberg,Howard Ltd,18.12.31.214,Android
TX00143,U001,7586.28,2025-07-15 15:34:33,South Elizabeth,"Glenn, Gilbert and Dunn",149.126.14.219,Android
TX00144,U021,5000.0,2025-07-10 04:00:38,Liege,"Carpenter, Eaton and Garcia",91.114.83.82,Windows
TX00145,U021,1000.0,2025-07-31 02:09:05,Liege,Ramsey Inc,161.96.96.126,Windows
TX00146,U037,5152.92,2025-07-10 10:40:26,South Gary,shady_merchant,186.145.246.73,iPhone
TX00147,U044,10000.0,2025-07-27 20:46:45,Huffbury,Lopez-Brown,88.111.124.12,Windows
TX00148,U011,5786.94,2025-08-03 20:19:35,Antwerp,"Smith, Munoz and Underwood",198.76.32.99,iPhone
TX00149,U040,5000.0,2025-07-16 10:15:13,Brussels,gambling_site,76.135.199.43,iPhone
TX00150,U002,8401.1,2025-07-28 19:00:43,Antwerp,"Nguyen, Powers and Snow",142.43.239.110,Windows
TX00151,U013,3358.08,2025-07-12 17:00:57,Liege,"Brewer, Potter and Gutierrez",57.59.44.16,Android
TX00152,U004,1208.14,2025-07-18 15:13:01,Liege,"Arnold, Willis and Velasquez",52.64.88.165,Windows
TX00153,U032,2000.0,2025-07-22 07:16:59,Antwerp,Rivera Inc,82.25.6.58,Android
TX00154,U023,1000.0,2025-07-17 06:04:48,Ghent,"Hodges, Jones and Bowen",39.200.62.113,iPhone
TX00155,U001,2000.0,2025-07-17 12:42:28,Antwerp,"Hartman, Lopez and Clark",149.126.14.219,Android
TX00156,U003,10000.0,2025-07-31 18:30:58,Liege,"Dixon, Harris and Nguyen",85.166.169.30,Android
TX00157,U036,5000.0,2025-07-23 22:46:58,Ghent,"Flores, Kennedy and Wood",91.81.170.184,iPhone
TX00158,U024,10000.0,2025-07-21 01:53:31,Brussels,Gardner LLC,217.213.97.28,iPhone
TX00159,U045,1000.0,2025-07-09 18:51:26,Ghent,"Welch, Braun and Skinner",170.85.36.132,iPhone
TX00160,U018,5000.0,2025-07-12 12:59:33,Brussels,shady_merchant,36.86.40.39,iPhone
TX00161,U039,48.29,2025-07-16 21:17:00,Ghent,Todd-York,72.191.213.62,iPhone
TX00162,U014,1000.0,2025-07-18 12:28:50,Antwerp,"Gray, Goodwin and Martinez",37.220.133.182,Windows
TX00163,U000,4599.19,2025-08-01 07:20:12,Antwerp,gambling_site,65.100.115.118,iPhone
TX00164,U003,1000.0,2025-07-16 14:21:22,Jamestown,Stark and Sons,36.98.213.67,Android
TX00165,U044,2000.0,2025-07-18 00:48:12,Brussels,Graves Ltd,88.111.124.12,Android
TX00166,U022,5000.0,2025-07-20 10:21:49,Ghent,Santiago-James,64.114.105.76,Android
TX00167,U024,10000.0,2025-07-27 23:03:10,Brussels,Clark-Peters,66.214.149.189,iPhone
TX00168,U003,8943.86,2025-07-20 11:36:28,Liege,Williams-Valdez,199.5.52.85,Android
TX00169,U042,7698.73,2025-07-20 16:53:55,Liege,Brown Inc,12.240.217.204,Windows
TX00170,U033,1267.09,2025-07-23 17:39:41,Antwerp,"Schmidt, Soto and Morales",18.12.31.214,Android
TX00171,U028,3949.01,2025-07-27 18:27:53,Antwerp,"Nixon, Bonilla and Moore",173.52.76.152,iPhone
TX00172,U005,2000.0,2025-07-10 08:18:22,Brussels,Lee-Rodriguez,176.80.63.248,Android
TX00173,U033,15000.0,2025-07-24 21:08:19,Antwerp,gambling_site,18.12.31.214,Android
TX00174,U037,9654.12,2025-07-11 09:16:08,Ghent,Harris-Tyler,186.145.246.73,iPhone
TX00175,U029,1000.0,2025-07-25 02:28:03,Antwerp,"Hall, Warren and Webb",150.239.153.53,iPhone
TX00176,U005,6125.28,2025-07-10 14:17:22,Brussels,Simmons-Conrad,68.84.121.18,Android
TX00177,U015,5000.0,2025-08-05 06:30:27,Brussels,"Hancock, Wiley and Johnson",73.175.25.155,Android
TX00178,U041,8952.36,2025-07-08 02:51:34,Liege,Nelson PLC,10.126.204.121,Windows
TX00179,U016,5000.0,2025-07-09 08:27:16,South Emily,Morales Group,157.35.50.245,Android
TX00180,U049,10000.0,2025-08-06 14:11:45,Liege,Smith Inc,33.182.56.184,Android
TX00181,U040,2000.0,2025-07-29 12:01:54,Brussels,Rice-Gutierrez,76.135.199.43,iPhone
TX00182,U023,4140.49,2025-07-12 00:41:39,Ghent,Jones-Sweeney,39.200.62.113,iPhone
TX00183,U030,1000.0,2025-07-11 14:11:17,Johnsonmouth,"Simpson, Ramos and Perry",104.63.185.245,Android
TX00184,U026,7641.07,2025-07-30 21:38:29,Randallview,"Ball, Smith and Hernandez",217.59.100.118,Windows
TX00185,U006,311.77,2025-07-09 01:26:25,Port Peggymouth,Long Inc,50.235.77.165,Android
TX00186,U040,15000.0,2025-07-22 19:20:49,Brussels,Horton-Ward,76.135.199.43,Windows
TX00187,U006,5000.0,2025-07-23 05:10:50,Brussels,Patterson Group,53.118.109.85,Android
TX00188,U019,4095.28,2025-07-08 18:32:31,Liege,Steele-Jenkins,81.91.52.120,Android
TX00189,U044,15000.0,2025-07-28 12:36:27,Brussels,"Flores, White and Boone",88.111.124.12,Android
TX00190,U032,218.78,2025-07-27 15:40:17,Antwerp,"Morrison, Holmes and Walker",82.25.6.58,Android
TX00191,U012,8322.51,2025-08-06 07:42:40,Brussels,Goodwin-Friedman,105.95.219.189,Android
TX00192,U038,9897.69,2025-07-28 11:41:00,Port Oscarside,"Powers, Rojas and Phillips",72.240.109.133,iPhone
TX00193,U041,1000.0,2025-07-13 08:10:39,Craigchester,Gray Ltd,10.126.204.121,Windows
TX00194,U002,2000.0,2025-07-31 21:43:16,Antwerp,Buckley-Kline,8.216.195.161,Windows
TX00195,U030,15000.0,2025-08-05 02:00:08,Liege,Clark and Sons,104.63.185.245,Android
TX00196,U029,1000.0,2025-07-12 17:31:17,Lawrencestad,Bernard-Vincent,150.239.153.53,iPhone
TX00197,U016,249.9,2025-07-13 17:03:40,Antwerp,Davis and Sons,157.35.50.245,iPhone
TX00198,U007,6419.46,2025-08-05 04:13:48,Liege,"Sellers, Williams and Smith",142.248.221.41,Android
TX00199,U039,2000.0,2025-08-01 06:17:29,Ghent,shady_merchant,72.191.213.62,iPhone
TX00200,U049,10000.0,2025-07-30 06:10:03,Liege,Harrison Group,158.171.133.105,Android
TX00201,U012,1000.0,2025-08-04 05:51:10,Brussels,gambling_site,105.95.219.189,Windows
TX00202,U021,6802.07,2025-07-25 11:16:48,Liege,Wells Ltd,77.213.38.187,Windows
TX00203,U042,9263.31,2025-07-20 20:02:37,Liege,Robertson-Andrews,12.240.217.204,Windows
TX00204,U032,5897.79,2025-08-01 05:00:21,Kurtshire,Sullivan-Charles,118.141.177.244,Android
TX00205,U010,1000.0,2025-08-01 17:50:21,Antwerp,"Jones, Massey and Mack",211.160.50.150,Windows
TX00206,U013,9635.56,2025-07-23 16:22:51,Liege,Rios-White,57.59.44.16,Windows
TX00207,U037,15000.0,2025-07-25 05:17:08,Ghent,Stevens-Wolfe,23.205.68.145,iPhone
TX00208,U017,1000.0,2025-07-14 04:26:23,Brussels,Cobb Group,214.171.179.124,Windows
TX00209,U006,10000.0,2025-07-24 12:33:09,Brussels,"Hall, Gilbert and Taylor",42.220.203.187,Android
TX00210,U030,8558.11,2025-07-10 07:45:54,Liege,Alvarez-Ward,104.63.185.245,Android
TX00211,U042,10000.0,2025-07-21 22:25:00,Liege,"Harris, Johnson and Daniel",12.240.217.204,Windows
TX00212,U019,5000.0,2025-07-17 11:10:36,Victoriaburgh,"Garrett, Flores and Holland",81.91.52.120,Android
TX00213,U000,15000.0,2025-07-11 22:31:27,Antwerp,"Neal, Benson and Rubio",138.55.73.21,iPhone
TX00214,U029,10000.0,2025-08-01 17:35:23,Antwerp,Barrera-Carroll,150.239.153.53,iPhone
TX00215,U003,2330.49,2025-07-22 02:20:12,Liege,Decker and Sons,36.98.213.67,Android
TX00216,U002,730.53,2025-07-15 11:56:18,East Troy,Stephens Inc,75.150.176.198,Windows
TX00217,U048,3713.57,2025-07-15 03:37:14,Liege,shady_merchant,48.136.244.209,Android
TX00218,U017,9838.26,2025-07-21 06:43:01,Brussels,King-Jackson,25.47.206.119,Windows
TX00219,U039,5000.0,2025-07-25 07:43:45,Ghent,Carroll PLC,72.191.213.62,iPhone
TX00220,U020,10000.0,2025-08-05 01:25:23,Liege,Fox-Adams,16.175.9.115,Android
TX00221,U026,9122.41,2025-07-30 05:18:10,Brussels,Reynolds LLC,161.254.57.213,Windows
TX00222,U036,5524.29,2025-07-19 03:59:06,Lake Benjaminton,Harris-Howell,91.81.170.184,iPhone
TX00223,U043,5000.0,2025-07-24 22:32:40,Brussels,Russell-Jones,112.138.169.78,iPhone
TX00224,U010,15000.0,2025-07-26 22:33:40,South Devin,Walker-Conway,157.186.243.141,Windows
TX00225,U025,10000.0,2025-07-24 15:52:20,Ghent,Jennings PLC,122.75.89.101,Android
TX00226,U013,8212.77,2025-07-14 13:31:26,Liege,Clayton Ltd,57.59.44.16,Android
TX00227,U048,2704.97,2025-07-29 12:29:54,Liege,Simmons-Yates,48.136.244.209,iPhone
TX00228,U041,1000.0,2025-07-26 09:19:51,Liege,Jackson-Cruz,194.131.165.153,Windows
TX00229,U035,867.6,2025-07-12 02:37:00,Ghent,shady_merchant,82.182.106.36,Windows
TX00230,U034,7776.31,2025-07-30 07:59:15,Ghent,Johnston-York,140.91.50.65,iPhone
TX00231,U046,2000.0,2025-07-09 07:11:02,Ghent,"Bishop, Rodriguez and Figueroa",131.133.33.75,Android
TX00232,U010,1000.0,2025-07-20 19:49:53,Antwerp,Conley LLC,153.207.234.0,Windows
TX00233,U038,2000.0,2025-07-17 21:58:15,Antwerp,gambling_site,72.240.109.133,iPhone
TX00234,U013,2251.49,2025-07-20 23:15:52,Liege,Williamson Group,57.59.44.16,Android
TX00235,U047,1615.94,2025-07-29 23:17:18,Brussels,Frye PLC,47.4.27.112,Android
TX00236,U006,5000.0,2025-07-10 16:36:32,Brussels,Francis-Gutierrez,50.235.77.165,Android
TX00237,U049,9580.07,2025-08-03 09:50:43,West Jeffreyfurt,James-Browning,33.182.56.184,Android
TX00238,U023,46.29,2025-08-02 20:56:16,Ghent,Hayden-Christensen,39.200.62.113,Windows
TX00239,U034,15000.0,2025-08-05 18:28:23,Ghent,"Flynn, Cooper and Clark",140.91.50.65,iPhone
TX00240,U015,8998.64,2025-07-27 06:47:52,Brussels,Hoover-Torres,73.175.25.155,Android
TX00241,U009,4552.71,2025-07-12 00:46:12,Antwerp,gambling_site,34.78.223.14,Android
TX00242,U001,15000.0,2025-07-26 00:40:44,Antwerp,Peters Ltd,149.126.14.219,Android
TX00243,U041,3654.88,2025-07-17 19:50:17,Liege,Valentine-Stevens,10.126.204.121,Windows
TX00244,U039,10000.0,2025-07-25 08:38:51,Ghent,Thompson Group,72.191.213.62,iPhone
TX00245,U024,3372.75,2025-07-10 18:40:04,Brussels,Hayden PLC,217.213.97.28,iPhone
TX00246,U000,10000.0,2025-07-15 21:27:32,Antwerp,Lambert Group,138.55.73.21,iPhone
TX00247,U008,15000.0,2025-07-14 11:09:53,Ghent,Harvey-Williams,41.190.36.206,Windows
TX00248,U040,3997.91,2025-07-11 22:36:39,South Luis,"Sampson, Fernandez and Horne",76.135.199.43,iPhone
TX00249,U007,4270.92,2025-07-14 13:13:48,Liege,Moore Ltd,214.57.107.48,Android
TX00250,U024,7144.92,2025-07-24 07:39:27,Williamsmouth,"Diaz, Davis and Stone",217.213.97.28,iPhone
TX00251,U004,7183.92,2025-07-25 00:21:58,Liege,Rodriguez Ltd,119.95.6.203,Windows
TX00252,U016,8040.08,2025-07-10 05:53:06,Antwerp,"Raymond, Hodges and Middleton",157.35.50.245,iPhone
TX00253,U047,10000.0,2025-07-08 01:39:15,Brussels,Little Group,116.132.218.135,Android
TX00254,U036,1866.72,2025-07-16 21:01:51,Ghent,Colon and Sons,91.81.170.184,iPhone
TX00255,U011,9120.46,2025-08-01 02:23:37,Antwerp,Webb-Henderson,198.76.32.99,iPhone
TX00256,U027,2000.0,2025-07-15 03:05:21,Ghent,"Bailey, Hart and Neal",78.185.111.100,iPhone
TX00257,U042,1000.0,2025-07-16 23:05:08,Liege,"Brown, Mack and Bonilla",12.240.217.204,Windows
TX00258,U046,2000.0,2025-07-20 20:53:14,Ghent,Matthews LLC,131.133.33.75,Android
TX00259,U049,8877.7,2025-07-08 10:18:11,Liege,Young PLC,33.182.56.184,Android
TX00260,U040,2000.0,2025-07-15 03:40:34,Brussels,Hart Ltd,76.135.199.43,iPhone
TX00261,U041,1019.41,2025-08-02 18:05:55,Liege,shady_merchant,10.126.204.121,Windows
TX00262,U037,5000.0,2025-07-07 19:40:45,Ghent,Perry-Webb,186.145.246.73,iPhone
TX00263,U007,6632.37,2025-07-14 16:00:24,Liege,Ford Ltd,142.248.221.41,Android
TX00264,U033,8408.84,2025-07-20 04:17:39,Antwerp,Holland Ltd,18.12.31.214,Android
TX00265,U037,10000.0,2025-08-06 12:58:22,Ghent,"Andrews, Barker and Hall",186.145.246.73,iPhone
TX00266,U040,2000.0,2025-08-05 14:55:42,Brussels,Nguyen PLC,76.135.199.43,iPhone
TX00267,U021,4622.67,2025-08-03 15:39:31,Liege,"Williams, Beck and Davis",91.114.83.82,iPhone
TX00268,U042,5000.0,2025-08-04 07:30:56,Liege,Powell-Rocha,3.210.194.145,Windows
TX00269,U025,2000.0,2025-07-09 07:40:55,Ghent,Calderon Ltd,122.75.89.101,Android
TX00270,U034,2250.19,2025-08-01 03:29:41,Ghent,Shelton Inc,140.91.50.65,iPhone
TX00271,U049,2000.0,2025-07-12 04:12:59,Liege,Brown Group,33.182.56.184,Android
TX00272,U039,4558.72,2025-07-21 20:40:37,Monicafurt,Nguyen-Roberts,97.54.116.23,iPhone
TX00273,U008,10000.0,2025-07-21 10:06:55,Ghent,Ramirez-Jackson,4.197.57.141,Windows
TX00274,U009,10000.0,2025-07-16 19:08:02,South Andrew,Reid-Griffin,108.48.252.196,Android
TX00275,U028,15000.0,2025-07-21 22:48:17,Antwerp,Todd Group,173.52.76.152,iPhone
TX00276,U025,15000.0,2025-08-01 20:45:29,Ghent,"Baker, Oliver and Diaz",110.93.2.99,Android
TX00277,U000,5000.0,2025-07-29 06:49:02,Antwerp,Weber Inc,138.55.73.21,iPhone
TX00278,U025,2000.0,2025-08-02 09:09:43,Danielleside,Byrd-Odonnell,122.75.89.101,iPhone
TX00279,U026,1921.15,2025-08-02 17:41:33,Port Patriciatown,Villanueva Ltd,3.59.126.170,Windows
TX00280,U013,5000.0,2025-08-03 15:59:07,Liege,"Gonzalez, Hardy and Lambert",57.59.44.16,Android
TX00281,U016,1000.0,2025-07-19 02:17:42,Antwerp,Mendoza Group,157.35.50.245,iPhone
TX00282,U003,5522.18,2025-07-18 22:04:37,Liege,"Reed, Wells and Butler",36.98.213.67,Android
TX00283,U046,15000.0,2025-07-10 14:57:13,Ghent,gambling_site,131.133.33.75,Android
TX00284,U037,1000.0,2025-08-03 03:08:33,Ghent,"Newman, Torres and Lee",216.135.146.107,iPhone
TX00285,U020,953.19,2025-07-26 11:24:32,Smithberg,"Hall, Nguyen and Brown",16.175.9.115,Android
TX00286,U032,6849.54,2025-07-10 13:10:07,New Kelly,"Mack, Roberts and Moore",82.25.6.58,Android
TX00287,U035,5000.0,2025-07-13 14:20:37,Ghent,gambling_site,195.138.215.116,Windows
TX00288,U035,6928.39,2025-07-24 23:18:23,Ghent,Jennings Group,29.42.200.195,Windows
TX00289,U030,15000.0,2025-07-22 12:20:54,Liege,Myers Group,122.46.28.140,Android
TX00290,U024,7957.11,2025-07-18 18:03:05,Brussels,Castillo Inc,217.213.97.28,iPhone
TX00291,U035,15000.0,2025-08-01 03:27:24,Ghent,"Foster, Rose and Fisher",118.134.133.148,Windows
TX00292,U005,367.45,2025-07-31 09:23:55,Medinafurt,"Simmons, Erickson and Lewis",68.84.121.18,Android
TX00293,U020,275.93,2025-07-11 13:44:33,Liege,Cole and Sons,16.175.9.115,Android
TX00294,U018,5000.0,2025-07-21 00:40:44,Brussels,Abbott-Webb,36.86.40.39,iPhone
TX00295,U033,10000.0,2025-07-25 05:52:14,Antwerp,King-Lucero,77.233.35.154,Android
TX00296,U021,6623.46,2025-07-30 22:04:50,Hernandezview,Myers-Scott,104.234.156.181,Windows
TX00297,U011,2000.0,2025-07-30 20:02:14,Antwerp,"Ibarra, Fuentes and Farmer",88.73.233.219,Windows
TX00298,U016,2000.0,2025-07-23 08:53:27,Antwerp,shady_merchant,157.35.50.245,iPhone
TX00299,U029,7979.7,2025-07-17 11:18:13,Antwerp,gambling_site,150.239.153.53,Windows
TX00300,U028,4396.54,2025-07-23 11:17:14,Antwerp,Johns Ltd,173.52.76.152,iPhone
TX00301,U026,8601.19,2025-08-05 07:52:29,Brussels,Holloway-Cooke,161.254.57.213,Windows
TX00302,U048,2796.51,2025-07-15 20:23:37,Liege,Atkins-Jackson,48.136.244.209,Android
TX00303,U048,8461.06,2025-07-08 05:30:06,Liege,Evans-Gonzalez,48.136.244.209,Android
TX00304,U032,1000.0,2025-07-26 14:37:42,South Allen,Vasquez-White,82.25.6.58,iPhone
TX00305,U010,10000.0,2025-07-29 10:02:24,New Matthew,"Deleon, Williams and Smith",211.160.50.150,iPhone
TX00306,U026,6542.47,2025-07-22 04:31:57,Brussels,Jones LLC,161.254.57.213,Windows
TX00307,U018,2000.0,2025-08-06 01:40:03,Brussels,"Brooks, Orr and Martinez",36.86.40.39,Windows
TX00308,U048,859.95,2025-07-19 02:25:13,Clarkport,Hill and Sons,48.136.244.209,Android
TX00309,U028,6378.61,2025-07-15 23:13:45,Antwerp,Kennedy-Davis,173.52.76.152,iPhone
TX00310,U042,3183.74,2025-07-17 17:37:12,Liege,Hill-Foley,12.240.217.204,Windows
TX00311,U012,10000.0,2025-07-20 04:33:35,Brussels,"Larson, Hendrix and Russell",105.95.219.189,Android
TX00312,U002,5000.0,2025-08-04 04:15:23,Antwerp,Zavala and Sons,74.207.148.160,Windows
TX00313,U036,10000.0,2025-07-22 00:50:02,Ghent,shady_merchant,91.81.170.184,iPhone
TX00314,U027,5000.0,2025-07-08 22:24:38,Jonathanland,"Garcia, Stone and Green",65.78.238.37,iPhone
TX00315,U049,5000.0,2025-07-16 09:18:08,Liege,shady_merchant,33.182.56.184,Android
TX00316,U044,15000.0,2025-07-14 13:52:49,Brussels,"Tucker, Ward and English",160.36.49.51,Android
TX00317,U031,5958.05,2025-08-04 13:25:05,Antwerp,"Murphy, Lara and Gaines",161.114.59.238,iPhone
TX00318,U024,1000.0,2025-07-19 14:30:01,Port Daniel,Hampton-Riley,217.213.97.28,iPhone
TX00319,U045,10000.0,2025-07-12 19:48:20,Ghent,Gibson and Sons,170.85.36.132,Windows
TX00320,U042,6498.61,2025-08-04 22:07:10,Liege,Rowe PLC,12.240.217.204,Windows
TX00321,U025,1000.0,2025-07-19 14:52:07,Ghent,"Bass, Carter and Williams",122.75.89.101,Android
TX00322,U021,2000.0,2025-07-18 04:36:32,Liege,Walters-Smith,91.114.83.82,Windows
TX00323,U018,1000.0,2025-07-30 14:45:45,Brussels,Russell and Sons,36.86.40.39,iPhone
TX00324,U029,10000.0,2025-07-12 17:00:53,Cameronmouth,"Long, Jones and Bryan",150.239.153.53,iPhone
TX00325,U035,8131.33,2025-07-12 20:13:09,Ghent,"King, Gibson and Ramirez",82.182.106.36,Windows
TX00326,U029,8302.74,2025-07-21 09:34:17,Antwerp,"Mccarthy, Jones and Church",150.239.153.53,Windows
TX00327,U015,5000.0,2025-08-01 04:18:34,Brussels,Mitchell-Madden,73.175.25.155,Android
TX00328,U036,2000.0,2025-07-17 01:48:40,Ghent,"Smith, Turner and Phillips",91.81.170.184,iPhone
TX00329,U035,64.48,2025-07-10 03:06:03,East Cameron,Ward Group,124.64.205.26,Windows
TX00330,U047,15000.0,2025-07-26 16:05:32,Brussels,"Adams, Clay and Baldwin",116.132.218.135,Android
TX00331,U010,4491.73,2025-07-18 14:08:51,Antwerp,"Willis, Schultz and Burns",211.160.50.150,Windows
TX00332,U039,10000.0,2025-07-28 07:12:51,Ghent,Collins-Cervantes,72.191.213.62,iPhone
TX00333,U021,4704.17,2025-07-14 22:38:12,Liege,shady_merchant,91.114.83.82,Windows
TX00334,U016,5000.0,2025-08-04 12:35:28,Antwerp,"Mercado, Murphy and Ward",157.35.50.245,iPhone
TX00335,U025,10000.0,2025-07-11 09:58:21,Ghent,gambling_site,149.161.12.140,Windows
TX00336,U020,9874.82,2025-07-13 16:34:57,South Robertside,Mills PLC,16.175.9.115,Windows
TX00337,U015,5000.0,2025-07-13 15:51:12,Brussels,"Carrillo, Smith and Thompson",73.175.25.155,Android
TX00338,U048,1000.0,2025-08-01 19:16:23,Stacyport,Andrade Ltd,222.82.11.123,Android
TX00339,U037,10000.0,2025-07-16 14:59:32,Ghent,Johnson-Lin,186.145.246.73,iPhone
TX00340,U029,352.83,2025-07-18 23:12:06,Whiteburgh,Ruiz-Coleman,150.239.153.53,iPhone
TX00341,U041,10000.0,2025-07-10 16:15:49,Roseside,"Brady, Marks and Cruz",10.126.204.121,Windows
TX00342,U003,5000.0,2025-07-15 06:37:40,New Jasonport,"Sanchez, Watson and Mitchell",36.98.213.67,Android
TX00343,U026,15000.0,2025-07-31 16:23:57,Brussels,Mathis-King,161.254.57.213,Windows
TX00344,U028,8830.28,2025-07-16 22:50:12,Lake Willieland,Harrison-Tran,173.52.76.152,iPhone
TX00345,U034,1000.0,2025-08-05 04:14:58,Ghent,Hughes Group,140.91.50.65,iPhone
TX00346,U005,3991.52,2025-07-17 20:57:25,Brussels,Craig Ltd,68.84.121.18,Windows
TX00347,U044,1000.0,2025-07-10 20:40:18,Brussels,Garcia-Lane,88.111.124.12,Android
TX00348,U040,7721.44,2025-07-17 03:23:41,Brussels,"Palmer, Hill and Mccarthy",76.135.199.43,iPhone
TX00349,U011,2000.0,2025-07-28 08:34:53,Antwerp,Peterson-Torres,198.76.32.99,iPhone
TX00350,U025,2000.0,2025-07-23 00:45:57,Ghent,"Brown, Sanchez and Rogers",122.75.89.101,Android
TX00351,U005,15000.0,2025-08-05 15:36:14,Brussels,"Jones, Torres and Wiggins",68.84.121.18,Android
TX00352,U008,3782.23,2025-07-14 03:31:27,Jacquelinestad,Perez-Sullivan,41.190.36.206,Android
TX00353,U021,5911.28,2025-07-14 16:12:27,Liege,Lane-Bush,91.114.83.82,Windows
TX00354,U032,7095.63,2025-07-18 23:04:26,Antwerp,Parsons-Smith,82.25.6.58,Windows
TX00355,U021,15000.0,2025-07-08 22:30:50,Liege,"Gonzalez, Whitehead and Johnson",91.114.83.82,Windows
TX00356,U001,10000.0,2025-07-16 05:06:57,Antwerp,Johnson Group,149.126.14.219,Android
TX00357,U013,10000.0,2025-07-27 07:34:12,Liege,Smith-Salas,57.59.44.16,Android
TX00358,U004,1000.0,2025-07-22 11:54:45,Liege,gambling_site,81.21.245.155,Windows
TX00359,U022,6974.11,2025-07-09 08:36:43,Ghent,Maldonado-Burgess,136.154.152.77,iPhone
TX00360,U029,2000.0,2025-07-09 01:30:29,Antwerp,Jensen-Ramirez,150.239.153.53,iPhone
TX00361,U026,1000.0,2025-08-05 18:09:26,Brussels,"Martinez, Taylor and Cole",161.254.57.213,Windows
TX00362,U026,2000.0,2025-07-23 11:27:55,Brussels,"Valentine, Patrick and Moore",161.254.57.213,Windows
TX00363,U042,5000.0,2025-08-02 08:47:34,South Donnamouth,Fowler-Moore,12.240.217.204,Windows
TX00364,U011,4383.89,2025-07-31 20:43:21,Antwerp,"Ross, Harrison and Martinez",198.76.32.99,iPhone
TX00365,U008,3869.21,2025-08-02 15:58:48,Ghent,"Melendez, Tate and Savage",41.190.36.206,Windows
TX00366,U049,2000.0,2025-07-08 01:06:17,Liege,"Ibarra, Harrison and Tucker",33.182.56.184,Android
TX00367,U016,8111.08,2025-07-22 07:59:21,Antwerp,gambling_site,157.35.50.245,iPhone
TX00368,U012,1000.0,2025-07-23 22:52:04,Brussels,Richardson LLC,105.95.219.189,Android
TX00369,U021,8889.03,2025-07-25 17:51:35,Liege,Wright-Jones,31.47.14.88,Android
TX00370,U048,2000.0,2025-07-20 18:31:10,South Joseph,Montoya Ltd,48.136.244.209,Android
TX00371,U047,948.57,2025-07-15 21:06:04,Johnsonside,"Schneider, Braun and Jones",116.132.218.135,Android
TX00372,U029,2000.0,2025-07-24 05:17:05,Antwerp,Ward-Mclaughlin,150.239.153.53,iPhone
TX00373,U033,5000.0,2025-07-18 01:44:42,Antwerp,Nguyen-Flores,18.12.31.214,Android
TX00374,U032,9308.64,2025-07-25 10:35:57,Antwerp,Blankenship LLC,82.25.6.58,Android
TX00375,U028,10000.0,2025-07-30 02:19:24,Antwerp,shady_merchant,196.66.110.97,Windows
TX00376,U017,2000.0,2025-07-24 07:55:45,Brussels,Valdez Ltd,25.47.206.119,Windows
TX00377,U023,4956.58,2025-07-13 16:57:25,Ghent,Flores-Garcia,39.200.62.113,iPhone
TX00378,U036,15000.0,2025-07-21 22:35:47,Ghent,"Hall, Hodge and Bonilla",91.81.170.184,iPhone
TX00379,U030,5000.0,2025-07-28 07:40:46,Anthonyshire,Hanson-Walters,104.63.185.245,Android
TX00380,U031,2000.0,2025-07-26 18:25:01,Antwerp,"Wagner, Esparza and Fischer",161.114.59.238,Android
TX00381,U030,3161.15,2025-07-15 04:41:20,Liege,"Novak, Young and Singh",104.63.185.245,Android
TX00382,U005,5000.0,2025-07-17 06:20:13,Brussels,"Welch, Francis and Hill",68.84.121.18,Android
TX00383,U005,10000.0,2025-08-06 02:43:09,Brussels,"Gibbs, Simmons and Smith",68.84.121.18,iPhone
TX00384,U032,2042.24,2025-08-02 06:17:15,New Christinahaven,Lutz Ltd,28.20.96.80,Android
TX00385,U000,3139.54,2025-07-28 00:54:06,Smithfort,gambling_site,138.55.73.21,iPhone
TX00386,U001,5858.69,2025-07-19 09:04:49,Antwerp,"Savage, Martinez and Ballard",149.126.14.219,iPhone
TX00387,U048,6999.8,2025-08-03 18:30:42,Allenland,"Brown, Lindsey and Miller",48.136.244.209,Android
TX00388,U035,2000.0,2025-07-12 04:26:26,Ghent,"Roberts, Johnson and Johnson",82.182.106.36,Windows
TX00389,U012,7188.97,2025-07-14 01:26:43,South Amberstad,"Oneal, Howard and Wright",105.95.219.189,Windows
TX00390,U023,4943.35,2025-07-16 02:11:53,East Alan,Palmer-Taylor,71.234.154.164,iPhone
TX00391,U008,4045.64,2025-07-24 06:24:08,Ghent,Romero-Byrd,41.190.36.206,Windows
TX00392,U043,1000.0,2025-08-01 13:22:46,Brussels,"Webb, Pittman and Hunter",112.138.169.78,iPhone
TX00393,U044,5000.0,2025-07-31 22:31:13,Brussels,gambling_site,141.41.89.75,Android
TX00394,U031,352.37,2025-07-31 20:02:46,Antwerp,Andrews-Chavez,140.114.191.218,Android
TX00395,U011,1657.33,2025-08-05 18:08:00,Antwerp,"Hooper, Montoya and Reese",198.76.32.99,iPhone
TX00396,U014,5161.0,2025-07-14 20:18:58,Antwerp,Craig PLC,37.220.133.182,Windows
TX00397,U043,5000.0,2025-07-27 16:14:08,Brussels,"Fletcher, Lopez and Hoffman",112.138.169.78,iPhone
TX00398,U024,4623.78,2025-07-24 10:58:02,Brussels,shady_merchant,77.40.134.115,iPhone
TX00399,U043,5000.0,2025-07-26 12:58:17,Brussels,"Dunlap, White and Russell",112.138.169.78,Windows
TX00400,U037,2000.0,2025-08-02 01:30:03,Ghent,"Hill, Marsh and Rosario",186.145.246.73,Windows
TX00401,U039,1000.0,2025-07-19 01:32:44,East Jamesmouth,Moore Inc,72.191.213.62,iPhone
TX00402,U029,4363.4,2025-07-20 00:19:57,Antwerp,"Marshall, Rogers and Wilson",150.239.153.53,iPhone
TX00403,U025,1648.88,2025-07-23 11:52:10,Ghent,Grant PLC,122.75.89.101,Android
TX00404,U032,1000.0,2025-07-25 02:12:50,Antwerp,"Williamson, Holmes and Murray",82.25.6.58,Android
TX00405,U002,3066.43,2025-08-06 08:21:59,Antwerp,Green Inc,142.43.239.110,Windows
TX00406,U037,10000.0,2025-07-09 18:20:52,West Patrickville,Long Group,186.145.246.73,iPhone
TX00407,U008,6987.56,2025-07-19 00:55:40,Port Katrina,Taylor-Foster,85.101.111.158,Windows
TX00408,U017,7466.02,2025-07-23 05:19:31,Brussels,Morgan and Sons,25.47.206.119,Android
TX00409,U019,5000.0,2025-07-26 09:47:38,Liege,"Lee, Thompson and Christian",189.140.132.79,Android
TX00410,U044,9073.71,2025-07-19 01:19:40,Brussels,shady_merchant,88.111.124.12,Android
TX00411,U010,15000.0,2025-07-15 12:34:55,Antwerp,Banks-Crosby,211.160.50.150,Windows
TX00412,U008,2000.0,2025-07-25 03:10:49,Ghent,Smith-Pratt,41.190.36.206,Windows
TX00413,U037,8253.18,2025-07-15 05:50:34,Ghent,Jenkins-Travis,186.145.246.73,iPhone
TX00414,U001,752.15,2025-07-19 18:38:27,Antwerp,Kim-Leonard,149.126.14.219,Android
TX00415,U034,4955.13,2025-07-19 01:06:28,Ghent,shady_merchant,140.91.50.65,iPhone
TX00416,U010,5296.84,2025-07-21 12:38:38,Antwerp,"Sanchez, Berry and Jones",211.160.50.150,Windows
TX00417,U040,10000.0,2025-07-19 22:23:27,Brussels,Olson-Wright,76.135.199.43,iPhone
TX00418,U031,2000.0,2025-07-26 08:31:20,Antwerp,"Duncan, White and Mccoy",161.114.59.238,Android
TX00419,U045,9939.9,2025-07-23 13:32:29,Ghent,Fitzgerald Ltd,170.85.36.132,Windows
TX00420,U035,26.69,2025-07-09 11:24:12,Ghent,Rodriguez-Molina,82.182.106.36,Windows
TX00421,U038,2000.0,2025-07-13 20:17:49,Antwerp,Francis LLC,72.240.109.133,iPhone
TX00422,U043,2000.0,2025-07-14 08:50:58,North Benjamin,gambling_site,112.138.169.78,iPhone
TX00423,U002,2000.0,2025-08-02 19:15:17,Antwerp,Moore-Lewis,142.43.239.110,Windows
TX00424,U014,5000.0,2025-07-26 19:07:43,Jenniferfurt,"Mathews, Nguyen and Foster",37.220.133.182,Windows
TX00425,U005,9834.18,2025-07-26 19:33:28,Brussels,Harding PLC,68.84.121.18,Android
TX00426,U015,2278.69,2025-07-11 13:14:35,Brussels,gambling_site,73.175.25.155,Android
TX00427,U040,1654.48,2025-07-12 10:13:50,Lake Tara,Evans-Carter,76.135.199.43,iPhone
TX00428,U011,5676.56,2025-07-11 20:08:54,Antwerp,gambling_site,198.76.32.99,iPhone
TX00429,U009,5000.0,2025-07-21 15:30:55,Antwerp,"Moore, Hinton and Washington",108.48.252.196,Android
TX00430,U043,9659.26,2025-07-21 17:59:15,Brussels,Gonzalez Inc,112.138.169.78,iPhone
TX00431,U042,10000.0,2025-08-02 04:44:52,Liege,"Charles, Williams and Jensen",12.240.217.204,Windows
TX00432,U003,15000.0,2025-07-10 04:31:15,Liege,Flowers Inc,36.98.213.67,Android
TX00433,U011,10000.0,2025-07-16 17:00:23,Williamville,Buckley-Harris,198.76.32.99,iPhone
TX00434,U014,4184.75,2025-07-31 12:27:05,Antwerp,Wood-Michael,37.220.133.182,Windows
TX00435,U015,5000.0,2025-07-30 20:14:20,Brussels,"Jackson, Villanueva and Charles",73.175.25.155,Android
TX00436,U027,10000.0,2025-07-29 12:24:43,East Anthonyton,"Wright, Boyer and Rodriguez",78.185.111.100,iPhone
TX00437,U014,15000.0,2025-08-06 02:45:22,Bauerburgh,Cole-Rogers,37.220.133.182,Windows
TX00438,U013,1000.0,2025-07-16 20:29:38,Liege,Obrien-Hill,183.172.233.148,Android
TX00439,U049,10000.0,2025-07-08 18:15:37,Liege,Moreno-Daniels,33.182.56.184,Android
TX00440,U041,1000.0,2025-07-31 05:00:23,Liege,Davis LLC,10.126.204.121,Windows
TX00441,U049,2000.0,2025-07-12 20:10:59,Liege,Parker PLC,33.182.56.184,Android
TX00442,U018,2000.0,2025-07-25 19:47:45,Brussels,gambling_site,129.7.232.84,iPhone
TX00443,U037,8389.97,2025-07-14 03:09:39,Ghent,Robinson and Sons,107.233.4.128,iPhone
TX00444,U034,8392.1,2025-07-08 09:39:11,Ghent,Sosa Inc,140.91.50.65,iPhone
TX00445,U021,5609.91,2025-07-24 15:02:05,Liege,"Young, Vincent and Klein",91.114.83.82,Windows
TX00446,U003,2000.0,2025-07-19 09:05:04,Liege,Park Inc,63.32.53.229,Android
TX00447,U020,2000.0,2025-07-21 17:46:01,Liege,Daniels Group,16.175.9.115,Windows
TX00448,U020,2885.53,2025-07-24 02:28:15,Guerreroport,"Bell, Mcdaniel and Schneider",16.175.9.115,Android
TX00449,U015,5000.0,2025-08-04 14:11:06,Brianshire,"Taylor, Gilbert and Gonzalez",202.224.218.255,Windows
TX00450,U031,2000.0,2025-07-21 22:45:01,Antwerp,"Cunningham, Rocha and Cunningham",161.114.59.238,Android
TX00451,U008,4683.4,2025-08-04 17:01:37,Ghent,"Sanchez, Mitchell and Graham",41.190.36.206,Windows
TX00452,U037,2000.0,2025-07-30 22:16:53,Ghent,Cain-Hall,142.61.38.102,Android
TX00453,U010,2000.0,2025-07-16 02:45:31,Antwerp,Kline-Olson,211.160.50.150,Windows
TX00454,U028,7358.21,2025-07-29 09:43:21,Antwerp,Garcia-Mitchell,173.52.76.152,iPhone
TX00455,U046,2000.0,2025-07-18 06:52:53,Angelachester,Lloyd PLC,131.133.33.75,Android
TX00456,U021,10000.0,2025-07-16 20:33:52,South Richard,Smith and Sons,91.114.83.82,Windows
TX00457,U002,3522.2,2025-08-03 13:03:13,Antwerp,shady_merchant,142.43.239.110,Windows
TX00458,U030,1000.0,2025-07-12 02:19:18,Liege,"Moses, Sanchez and Bray",104.63.185.245,Android
TX00459,U014,10000.0,2025-07-20 12:00:57,Antwerp,"Moore, Harrison and Jackson",37.220.133.182,iPhone
TX00460,U001,7750.27,2025-08-05 15:17:54,Antwerp,shady_merchant,149.126.14.219,Android
TX00461,U013,1861.1,2025-07-28 11:54:24,Liege,"Horton, Hopkins and Hernandez",160.234.31.97,Android
TX00462,U013,4338.63,2025-07-30 01:44:29,Liege,Hill and Sons,57.59.44.16,iPhone
TX00463,U021,9824.8,2025-08-06 05:48:34,Liege,"Gallegos, Taylor and Thomas",91.114.83.82,Windows
TX00464,U043,1000.0,2025-07-31 05:10:55,Brussels,"Bradley, Stephenson and Davis",112.138.169.78,iPhone
TX00465,U029,4747.89,2025-07-18 13:19:42,Antwerp,Griffin-Wall,150.239.153.53,iPhone
TX00466,U037,10000.0,2025-08-05 23:58:36,Ghent,"Sanchez, Little and Evans",186.145.246.73,iPhone
TX00467,U045,1000.0,2025-07-24 11:08:16,Ghent,Collins-Jones,170.85.36.132,Windows
TX00468,U044,1733.52,2025-07-21 18:10:45,Brussels,Hammond PLC,211.140.50.70,Android
TX00469,U042,2861.77,2025-07-17 11:04:04,Liege,gambling_site,12.240.217.204,Windows
TX00470,U017,15000.0,2025-07-22 21:45:35,Brussels,"Garcia, Miller and Rodriguez",25.47.206.119,Windows
TX00471,U029,15000.0,2025-07-28 20:14:01,Antwerp,"Rodgers, Hunt and Thompson",150.239.153.53,iPhone
TX00472,U006,4596.55,2025-07-14 09:01:42,Brussels,"Wagner, Patterson and Alvarado",50.235.77.165,Android
TX00473,U042,15000.0,2025-07-30 11:17:17,East Timothyfort,Cline-Moore,12.240.217.204,Windows
TX00474,U011,1000.0,2025-07-22 02:13:20,Antwerp,Martin-Horton,198.76.32.99,iPhone
TX00475,U033,5000.0,2025-07-14 01:13:07,Antwerp,Blankenship-Farrell,18.12.31.214,Android
TX00476,U048,15000.0,2025-07-09 08:26:34,Liege,Wilson Ltd,48.136.244.209,Android
TX00477,U011,1000.0,2025-07-25 11:11:40,Antwerp,Erickson Group,198.76.32.99,iPhone
TX00478,U032,6307.99,2025-08-06 05:15:15,Antwerp,"Gutierrez, Castro and Walker",148.93.64.67,Android
TX00479,U005,10000.0,2025-07-28 23:47:20,Brussels,gambling_site,68.84.121.18,Android
TX00480,U038,413.14,2025-07-17 18:50:47,Antwerp,Carter and Sons,72.240.109.133,iPhone
TX00481,U047,2767.9,2025-07-30 12:01:07,Brussels,Walker Group,116.132.218.135,Android
TX00482,U047,7030.63,2025-07-29 19:18:02,Brussels,Campbell-Smith,116.132.218.135,Android
TX00483,U015,4172.51,2025-07-09 11:34:58,East Xavierton,"Lewis, Welch and Hernandez",73.175.25.155,iPhone
TX00484,U037,10000.0,2025-07-19 00:59:31,Ghent,"Alexander, Orozco and Mason",186.145.246.73,Windows
TX00485,U005,5031.15,2025-08-03 08:48:22,Port Sandraport,"Edwards, Sullivan and Williams",68.84.121.18,Android
TX00486,U011,8286.84,2025-08-01 23:49:34,Antwerp,gambling_site,71.13.165.189,iPhone
TX00487,U025,10000.0,2025-07-14 04:53:27,New Phillip,"Mcfarland, Barry and Harris",10.103.27.170,iPhone
TX00488,U049,1000.0,2025-07-09 20:01:44,Liege,Frey Group,33.182.56.184,Android
TX00489,U040,3408.88,2025-07-25 15:35:47,West Brianmouth,Burton Ltd,76.135.199.43,iPhone
TX00490,U039,5000.0,2025-07-16 16:53:48,Ghent,Robinson-Johnson,72.191.213.62,iPhone
TX00491,U015,15000.0,2025-07-13 07:47:04,Brussels,Lane Ltd,73.175.25.155,iPhone
TX00492,U005,2300.75,2025-07-17 04:41:35,Brussels,Moore Inc,68.84.121.18,Android
TX00493,U024,15000.0,2025-07-09 08:56:21,Brussels,Mills-Smith,217.213.97.28,iPhone
TX00494,U007,1000.0,2025-07-22 16:45:16,Liege,gambling_site,142.248.221.41,Windows
TX00495,U036,2000.0,2025-07-13 10:57:29,Ghent,Carroll Ltd,91.81.170.184,iPhone
TX00496,U016,15000.0,2025-08-05 17:39:06,Port Marymouth,Hess and Sons,157.35.50.245,iPhone
TX00497,U027,3624.73,2025-07-11 10:31:21,Ghent,gambling_site,78.185.111.100,iPhone
TX00498,U034,8815.34,2025-08-05 05:31:50,Peckbury,Robinson Group,189.191.217.214,iPhone
TX00499,U027,2606.88,2025-07-13 08:31:45,Ghent,"Johnson, Walters and Charles",78.185.111.100,iPhone
TX00500,U027,2000.0,2025-07-23 13:37:01,Ghent,shady_merchant,78.185.111.100,iPhone
TX00501,U046,1080.11,2025-07-14 01:47:45,Rothburgh,Cooper PLC,131.133.33.75,Android
TX00502,U019,1000.0,2025-07-26 22:01:19,Liege,"Taylor, Lara and Rios",38.13.226.238,Android
TX00503,U036,2000.0,2025-07-17 16:24:37,Ghent,"Hardy, Nguyen and Nelson",91.81.170.184,iPhone
TX00504,U027,6801.71,2025-07-21 11:20:57,Ghent,"Lee, Watson and Zimmerman",78.185.111.100,iPhone
TX00505,U022,3215.8,2025-07-25 04:27:31,Ghent,Long-Cuevas,64.114.105.76,Android
TX00506,U014,3999.96,2025-07-13 20:28:25,Antwerp,Parker Inc,37.220.133.182,Windows
TX00507,U022,2000.0,2025-07-24 05:35:18,Ghent,Walker LLC,72.191.68.17,Android
TX00508,U041,6441.76,2025-08-05 00:46:30,Liege,shady_merchant,10.126.204.121,Windows
TX00509,U021,4330.99,2025-07-28 22:17:01,Liege,"Green, Williams and Smith",91.114.83.82,iPhone
TX00510,U007,2000.0,2025-07-14 05:00:25,Liege,Potter Ltd,142.248.221.41,Android
TX00511,U047,15000.0,2025-07-10 14:48:18,Brussels,"Miller, Harris and Mcdonald",116.132.218.135,iPhone
TX00512,U043,3386.73,2025-07-11 08:52:55,Brussels,Koch PLC,178.215.6.162,Windows
TX00513,U045,7076.08,2025-08-05 09:45:29,Ghent,shady_merchant,170.85.36.132,Windows
TX00514,U026,5000.0,2025-07-21 17:11:44,Brussels,Roth-Martinez,161.254.57.213,Windows
TX00515,U002,8667.01,2025-07-17 06:12:31,Antwerp,Moore-Harris,142.43.239.110,Windows
TX00516,U029,1436.18,2025-07-15 23:29:27,Antwerp,Phillips-Wilson,113.156.167.125,iPhone
TX00517,U038,15000.0,2025-08-04 00:17:10,Antwerp,Burgess-Molina,134.169.74.175,iPhone
TX00518,U043,7232.33,2025-07-25 09:36:39,Lake Michael,Griffith-Martinez,112.138.169.78,iPhone
TX00519,U047,9591.95,2025-07-15 07:20:36,Brussels,"Obrien, Jackson and Morris",116.132.218.135,Android
TX00520,U049,5000.0,2025-07-12 06:10:31,Liege,Garrett-Harrison,33.182.56.184,iPhone
TX00521,U048,1428.06,2025-07-16 01:11:52,Liege,"Johnson, Clarke and Johnson",48.136.244.209,Windows
TX00522,U002,5000.0,2025-08-06 06:00:19,Antwerp,shady_merchant,142.43.239.110,Windows
TX00523,U003,2000.0,2025-07-18 16:37:12,Liege,Mcdonald-Tyler,36.98.213.67,Android
TX00524,U018,9439.4,2025-07-29 01:22:26,Brussels,Green-Collins,36.86.40.39,iPhone
TX00525,U045,3400.57,2025-07-08 05:47:50,Christensenmouth,Parker Ltd,170.85.36.132,Windows
TX00526,U023,10000.0,2025-07-18 02:53:51,New Ruthfurt,Cruz-Moore,39.200.62.113,iPhone
TX00527,U046,1458.91,2025-08-05 08:07:32,Ghent,"Flores, Schwartz and Perez",206.160.164.0,Android
TX00528,U005,15000.0,2025-08-04 17:05:24,Allenburgh,Salas PLC,68.84.121.18,Android
TX00529,U011,5000.0,2025-07-28 02:28:59,Bernardville,Lawson Inc,198.76.32.99,Windows
TX00530,U004,1000.0,2025-07-17 14:24:25,Liege,Johnson Inc,149.71.136.214,Windows
TX00531,U021,1000.0,2025-08-01 13:22:32,Liege,Conway-Mckenzie,173.167.60.90,Windows
TX00532,U031,2000.0,2025-07-24 07:04:02,Antwerp,Burns-Porter,161.114.59.238,Android
TX00533,U040,2740.84,2025-07-22 15:19:30,Brussels,Johnson Ltd,222.29.235.186,iPhone
TX00534,U018,15000.0,2025-07-28 04:56:44,Brussels,Roberts LLC,36.86.40.39,iPhone
TX00535,U004,7478.98,2025-08-06 02:14:10,Liege,Ross Group,81.21.245.155,Android
TX00536,U037,5336.32,2025-07-15 02:19:17,Ghent,"Joseph, Holmes and Smith",186.145.246.73,iPhone
TX00537,U032,8879.81,2025-08-03 00:59:30,South Travis,Knapp-Jackson,82.25.6.58,Android
TX00538,U023,1000.0,2025-07-15 05:21:28,Ghent,Lawson-Arias,39.200.62.113,iPhone
TX00539,U026,3962.76,2025-07-21 14:24:46,Brussels,"Lee, Avila and Obrien",49.34.77.204,Windows
TX00540,U027,5777.83,2025-07-11 18:28:28,New Mary,Hanson LLC,78.185.111.100,iPhone
TX00541,U027,1000.0,2025-07-31 21:52:33,Ghent,"Dawson, Woodard and Ballard",78.185.111.100,iPhone
TX00542,U014,8280.18,2025-07-19 12:08:31,Antwerp,Welch-Davis,1.175.223.119,Windows
TX00543,U003,10000.0,2025-07-23 15:05:00,Liege,"Webb, Medina and Perkins",36.98.213.67,Android
TX00544,U047,2794.08,2025-07-13 07:58:21,Brussels,Turner LLC,22.41.36.204,Android
TX00545,U019,10000.0,2025-07-18 20:56:24,Liege,Gomez-Copeland,54.219.207.131,Android
TX00546,U026,402.49,2025-07-27 03:40:58,Brussels,gambling_site,117.12.66.23,Windows
TX00547,U045,6109.2,2025-07-10 16:28:58,Ghent,"Brooks, Castaneda and Calhoun",170.85.36.132,Android
TX00548,U018,3880.32,2025-07-25 09:52:03,Chelseymouth,Norris-Houston,195.236.188.6,iPhone
TX00549,U048,9951.16,2025-07-23 22:20:35,Liege,Sharp Inc,48.136.244.209,Android
TX00550,U021,5510.4,2025-07-16 05:30:35,Liege,Wells and Sons,91.114.83.82,Windows
TX00551,U011,5000.0,2025-07-25 08:29:17,Antwerp,shady_merchant,7.83.74.105,Android
TX00552,U005,1000.0,2025-07-30 07:43:59,Brussels,Brown-Miller,68.84.121.18,Android
TX00553,U036,15000.0,2025-07-30 16:04:26,Ghent,Cross Ltd,91.81.170.184,iPhone
TX00554,U007,1000.0,2025-07-20 11:15:00,Glasshaven,Williams LLC,142.248.221.41,Android
TX00555,U045,4636.93,2025-07-22 16:00:45,Ghent,"Farley, Avila and Davis",170.85.36.132,Windows
TX00556,U007,6226.84,2025-07-25 20:23:39,Liege,Gomez-Freeman,142.248.221.41,Android
TX00557,U009,5000.0,2025-07-29 01:59:30,Antwerp,Gonzalez Inc,108.48.252.196,Android
TX00558,U038,10000.0,2025-07-16 16:41:38,Antwerp,Wallace-Lewis,72.240.109.133,Windows
TX00559,U009,5394.08,2025-08-01 09:47:56,Antwerp,Harris-Clark,108.48.252.196,Android
TX00560,U046,5632.8,2025-07-21 06:48:06,Randallfort,Monroe-Hill,17.149.130.60,Android
TX00561,U044,1000.0,2025-08-05 03:03:48,Brussels,Martin-Lyons,88.111.124.12,Android
TX00562,U044,5379.13,2025-07-12 18:22:07,Brussels,shady_merchant,88.111.124.12,Android
TX00563,U014,8797.95,2025-08-05 16:06:15,Antwerp,shady_merchant,37.220.133.182,Windows
TX00564,U023,8781.86,2025-08-03 22:08:54,New Dawnmouth,Solis and Sons,39.200.62.113,Android
TX00565,U023,9544.24,2025-07-10 18:49:23,New Kayla,gambling_site,39.200.62.113,iPhone
TX00566,U047,7754.29,2025-07-29 02:13:47,Brussels,Lang-Rice,116.132.218.135,Android
TX00567,U021,15000.0,2025-07-28 22:38:50,Liege,Garrett-Brown,32.71.127.109,Windows
TX00568,U000,15000.0,2025-08-04 00:14:44,East Christopher,Hughes-Coleman,138.55.73.21,iPhone
TX00569,U010,15000.0,2025-07-24 08:03:48,Antwerp,Miranda-Stein,142.134.217.209,Windows
TX00570,U007,1615.35,2025-07-31 10:39:28,Valenzuelaborough,"Dennis, Cardenas and Simmons",142.248.221.41,Android
TX00571,U034,467.33,2025-08-03 02:59:13,Ghent,Peters LLC,140.91.50.65,iPhone
TX00572,U005,343.03,2025-07-13 07:42:57,Brussels,Howard-Michael,148.174.228.199,Android
TX00573,U012,6508.8,2025-07-20 01:09:43,Brussels,"Torres, Davis and Pierce",105.95.219.189,Windows
TX00574,U014,4036.39,2025-07-12 01:05:50,Davidshire,Watson PLC,37.220.133.182,Windows
TX00575,U049,387.13,2025-07-21 22:55:14,Liege,Delgado Group,33.182.56.184,Android
TX00576,U021,5958.83,2025-07-17 08:11:43,Liege,"Mitchell, Graves and Jones",91.114.83.82,Windows
TX00577,U025,3533.9,2025-07-26 00:34:39,Ghent,"Thompson, Ibarra and Kidd",122.75.89.101,Android
TX00578,U024,1000.0,2025-07-28 20:02:49,Brussels,"Jones, Wells and Thompson",217.213.97.28,iPhone
TX00579,U012,1000.0,2025-07-28 10:25:41,Lake Jeannechester,Hardy-Mcconnell,105.95.219.189,Android
TX00580,U028,2007.13,2025-07-18 02:56:53,Antwerp,shady_merchant,173.52.76.152,iPhone
TX00581,U005,5000.0,2025-07-27 13:41:56,Lake Dillonborough,"Berry, Anderson and Dunn",68.84.121.18,Android
TX00582,U049,5000.0,2025-07-16 15:37:52,Liege,"Hicks, Wood and Peterson",33.182.56.184,Android
TX00583,U043,1000.0,2025-07-11 13:52:22,Brussels,"Miller, Roberts and Padilla",112.138.169.78,iPhone
TX00584,U008,4549.58,2025-07-21 05:04:30,Ghent,Wall-Rice,41.190.36.206,Windows
TX00585,U005,2000.0,2025-07-17 17:04:44,Brussels,Evans-Berry,140.123.131.36,Android
TX00586,U036,5000.0,2025-08-04 18:54:15,Ghent,shady_merchant,91.81.170.184,iPhone
TX00587,U009,5000.0,2025-08-06 14:25:48,Antwerp,Atkins-Brown,23.238.127.88,Android
TX00588,U016,3310.25,2025-07-11 16:23:39,Antwerp,Torres Ltd,69.71.215.170,iPhone
TX00589,U006,498.24,2025-08-05 22:09:24,West Michelleside,Riggs-Mcconnell,160.186.143.186,Android
TX00590,U033,3764.24,2025-07-10 00:54:52,Gomezview,"Harris, Griffin and Lynn",18.12.31.214,iPhone
TX00591,U001,2000.0,2025-07-12 04:42:42,West Debra,Ortiz PLC,149.126.14.219,Android
TX00592,U023,1000.0,2025-07-27 05:45:38,Ghent,Fry-Manning,117.29.107.6,Windows
TX00593,U035,2000.0,2025-07-23 18:19:18,Ghent,"Young, Velez and Brown",82.182.106.36,Windows
TX00594,U041,7108.97,2025-08-03 02:42:11,Liege,White Inc,10.126.204.121,Windows
TX00595,U048,8363.73,2025-07-08 01:44:19,Liege,Maldonado-Reyes,36.16.196.193,iPhone
TX00596,U043,7027.28,2025-07-18 04:23:53,Brussels,Franklin and Sons,112.138.169.78,Android
TX00597,U042,9991.36,2025-07-27 14:20:48,Liege,Willis PLC,12.240.217.204,Windows
TX00598,U041,3566.54,2025-07-21 19:22:47,Liege,gambling_site,10.126.204.121,Windows
TX00599,U024,7443.42,2025-07-07 19:34:35,Brussels,"Huynh, West and White",217.213.97.28,iPhone
TX00600,U034,3858.32,2025-07-22 16:14:39,Rickymouth,Golden-Simmons,140.91.50.65,iPhone
TX00601,U027,5000.0,2025-08-02 11:29:35,Ghent,"Castillo, Peters and Huber",78.185.111.100,iPhone
TX00602,U014,5000.0,2025-07-19 13:41:08,Ianfort,"Walters, Garcia and Newton",121.64.254.192,Windows
TX00603,U032,4355.27,2025-07-13 06:42:58,Antwerp,"Cummings, Jones and Thomas",1.14.94.124,Android
TX00604,U045,1000.0,2025-07-18 08:43:40,Ghent,Lindsey Group,170.85.36.132,Windows
TX00605,U040,5615.91,2025-08-02 02:33:51,Brussels,"Lewis, Burch and Barr",76.135.199.43,Android
TX00606,U010,6846.61,2025-07-13 17:22:20,Antwerp,"Evans, Stone and Tate",211.160.50.150,Windows
TX00607,U019,5925.93,2025-07-10 19:00:21,Liege,"Wilkinson, Fischer and Bowen",81.91.52.120,Android
TX00608,U009,1000.0,2025-07-29 10:09:32,Antwerp,Jacobson-Buchanan,108.48.252.196,Android
TX00609,U013,2963.86,2025-07-12 11:51:35,Liege,Peterson-Turner,57.59.44.16,Android
TX00610,U001,37.04,2025-07-16 05:14:16,Antwerp,Lara-Mcdaniel,149.126.14.219,Android
TX00611,U047,15000.0,2025-08-04 16:03:18,Gabrielview,Hogan Inc,56.134.75.24,Android
TX00612,U025,3506.2,2025-07-17 06:17:59,Ghent,"Thomas, Miller and Richardson",89.207.13.193,Android
TX00613,U012,5000.0,2025-07-08 09:05:09,Brussels,"Barrett, Lawrence and Ward",105.95.219.189,Android
TX00614,U039,2000.0,2025-07-27 01:35:12,Ghent,"Thomas, Wright and Davies",72.191.213.62,Android
TX00615,U004,2000.0,2025-07-08 20:10:39,Liege,May Group,81.21.245.155,Windows
TX00616,U005,7142.52,2025-07-08 22:11:44,Brussels,Liu and Sons,68.84.121.18,Android
TX00617,U013,5000.0,2025-07-25 17:55:35,North Devin,"Ashley, Peterson and Mcdonald",57.59.44.16,Android
TX00618,U022,1120.8,2025-07-25 23:55:31,Graystad,Harper-Lewis,64.114.105.76,Windows
TX00619,U002,2000.0,2025-08-02 06:27:20,Antwerp,Hicks LLC,132.173.26.147,Windows
TX00620,U031,3543.6,2025-07-25 10:33:25,Antwerp,Jennings Ltd,161.114.59.238,Android
TX00621,U032,5000.0,2025-08-06 03:06:51,Jessicaville,Solis-Cox,82.25.6.58,Android
TX00622,U000,8708.98,2025-07-24 15:14:45,Antwerp,Olsen-Bennett,138.55.73.21,iPhone
TX00623,U019,15000.0,2025-07-16 12:39:27,Amandaview,"Madden, Brooks and Robles",81.91.52.120,Android
TX00624,U026,2000.0,2025-07-15 17:55:19,Brussels,"Gamble, King and Romero",161.254.57.213,Windows
TX00625,U000,5000.0,2025-07-25 01:44:38,Ryanberg,"Bates, Daniels and Rodriguez",138.55.73.21,iPhone
TX00626,U003,2248.57,2025-07-12 09:50:32,Liege,Lin-Jacobs,36.98.213.67,Android
TX00627,U042,15000.0,2025-08-04 20:04:42,Liege,Rodriguez Inc,12.240.217.204,Windows
TX00628,U043,8293.44,2025-08-01 21:07:59,Brussels,"Ross, Brown and Evans",112.138.169.78,iPhone
TX00629,U018,10000.0,2025-07-12 10:49:50,Brussels,"Reynolds, Lopez and Hicks",36.86.40.39,iPhone
TX00630,U042,9424.21,2025-07-16 15:45:01,New Bryanshire,"Johnston, Shah and Hill",12.240.217.204,Windows
TX00631,U035,55.1,2025-08-04 04:20:19,Holmeston,Arnold-Winters,82.182.106.36,Windows
TX00632,U031,377.52,2025-07-24 12:17:57,Charlesstad,"Farrell, Jones and Phillips",161.114.59.238,Android
TX00633,U030,1000.0,2025-08-04 21:59:55,Liege,Harrington and Sons,104.63.185.245,Android
TX00634,U026,4418.53,2025-08-01 15:07:18,Brussels,gambling_site,161.254.57.213,Android
TX00635,U012,6414.26,2025-07-24 00:30:54,Cherylchester,"Nolan, Burke and Hunter",105.95.219.189,Android
TX00636,U046,6370.9,2025-07-29 08:54:09,Ghent,shady_merchant,131.133.33.75,Android
TX00637,U023,3059.22,2025-07-27 03:03:22,Ghent,"Howard, Williams and Barnes",39.200.62.113,iPhone
TX00638,U030,3697.85,2025-08-01 06:35:41,Liege,"Holland, Walters and Kane",104.63.185.245,Android
TX00639,U021,5004.35,2025-07-13 21:34:12,Liege,"Gonzalez, Baker and Hansen",124.54.8.153,Windows
TX00640,U019,1000.0,2025-07-13 20:20:35,Liege,Young PLC,81.91.52.120,Android
TX00641,U045,5000.0,2025-07-18 01:33:21,Ghent,Wright-Ramirez,170.85.36.132,iPhone
TX00642,U018,1000.0,2025-07-12 08:26:13,Brussels,"Hicks, Erickson and Dawson",36.86.40.39,iPhone
TX00643,U002,2230.87,2025-08-02 17:59:54,Antwerp,Thompson PLC,142.43.239.110,Windows
TX00644,U020,5000.0,2025-07-17 19:28:05,Liege,Perez-Delgado,16.175.9.115,iPhone
TX00645,U022,8543.43,2025-07-16 15:28:48,Allisonhaven,Mccarthy-Morgan,64.114.105.76,Android
TX00646,U013,3984.77,2025-08-06 01:51:04,Liege,Ruiz-Munoz,57.59.44.16,Android
TX00647,U030,1748.67,2025-08-02 16:11:52,Liege,"Henderson, Best and Martinez",104.63.185.245,Android
TX00648,U045,4705.52,2025-07-09 15:28:23,Ghent,Ross Ltd,170.85.36.132,Windows
TX00649,U012,7175.32,2025-07-20 20:50:00,Brussels,Baldwin Ltd,206.109.148.122,Android
TX00650,U047,10000.0,2025-07-07 17:49:45,South Amanda,Johnson-Greene,48.104.44.255,iPhone
TX00651,U014,9370.53,2025-07-16 08:58:51,Antwerp,Terry-Parsons,37.220.133.182,Windows
TX00652,U047,56.01,2025-08-02 21:48:04,Brussels,"Mcmahon, Edwards and Price",116.132.218.135,Android
TX00653,U042,15000.0,2025-07-16 01:22:35,Liege,Parks-Burke,12.240.217.204,Windows
TX00654,U004,2000.0,2025-07-07 19:26:20,Liege,"Pacheco, Cowan and Green",81.21.245.155,Windows
TX00655,U023,15000.0,2025-07-29 13:11:11,Ghent,Jordan-Keith,39.200.62.113,iPhone
TX00656,U022,2000.0,2025-07-20 00:31:37,Ghent,Thomas Inc,64.114.105.76,Android
TX00657,U039,2507.76,2025-07-12 01:46:57,North Sean,Hart Ltd,107.94.192.213,iPhone
TX00658,U029,979.28,2025-07-21 21:39:30,Antwerp,Bowman-Vang,150.239.153.53,iPhone
TX00659,U013,1000.0,2025-08-04 11:24:49,Liege,Oliver-Wood,57.59.44.16,Android
TX00660,U006,15000.0,2025-08-03 18:04:29,Brussels,Smith and Sons,50.235.77.165,Android
TX00661,U022,10000.0,2025-07-13 09:05:42,Ghent,Johnston Ltd,105.211.120.232,Android
TX00662,U005,5226.54,2025-08-01 11:18:47,Brussels,"Owens, Floyd and Oconnor",68.84.121.18,Android
TX00663,U039,1899.52,2025-08-04 03:03:23,Ghent,Jennings PLC,72.191.213.62,iPhone
TX00664,U036,5000.0,2025-07-13 22:05:08,Ghent,"Jones, Valentine and Moore",91.81.170.184,iPhone
TX00665,U011,1000.0,2025-08-01 15:20:57,Antwerp,Decker-Hanson,198.76.32.99,Windows
TX00666,U003,6909.11,2025-07-25 08:36:23,Liege,Fisher-Rodriguez,36.98.213.67,Android
TX00667,U044,10000.0,2025-07-17 16:03:49,North Mark,Cox-Jones,23.188.144.83,Android
TX00668,U021,15000.0,2025-08-03 17:55:08,Liege,Lambert-Guzman,91.114.83.82,Windows
TX00669,U037,6794.88,2025-07-25 08:38:22,Ghent,"Chung, Smith and Watts",186.145.246.73,iPhone
TX00670,U002,9047.78,2025-07-30 12:23:16,North Danielle,Silva Group,142.43.239.110,Windows
TX00671,U020,8398.85,2025-07-26 13:05:36,Lake Lucaston,gambling_site,16.175.9.115,Android
TX00672,U030,8184.34,2025-08-02 15:42:26,Ballport,Lamb-Black,104.63.185.245,Android
TX00673,U048,5986.18,2025-07-18 11:40:37,South Frankfort,"Phillips, Smith and Rodriguez",48.136.244.209,Android
TX00674,U032,6165.79,2025-07-25 11:01:48,Antwerp,Obrien-Evans,82.25.6.58,Windows
TX00675,U025,15000.0,2025-07-14 08:58:40,Ghent,"Reese, Williams and Odonnell",122.75.89.101,Android
TX00676,U033,6957.81,2025-07-31 17:46:35,Antwerp,Jones LLC,18.12.31.214,Android
TX00677,U034,5000.0,2025-07-15 10:36:43,Shafferberg,"Colon, Sanchez and Phillips",140.91.50.65,iPhone
TX00678,U019,5093.46,2025-07-15 04:10:13,Liege,Adams-Miller,81.91.52.120,Android
TX00679,U001,4568.86,2025-08-05 08:55:00,Antwerp,Lee-Smith,149.126.14.219,Android
TX00680,U040,7046.4,2025-07-25 08:48:18,Brussels,"Hernandez, Baker and Ho",76.135.199.43,iPhone
TX00681,U015,15000.0,2025-07-13 10:12:24,Brussels,"Watts, Gray and Holloway",73.175.25.155,Android
TX00682,U015,15000.0,2025-07-28 23:06:34,Brussels,Leblanc Inc,73.175.25.155,Android
TX00683,U047,4995.38,2025-07-10 13:25:04,Brussels,Moss and Sons,116.132.218.135,Android
TX00684,U000,5000.0,2025-07-30 06:18:29,Antwerp,"Carter, Pruitt and Sanford",138.55.73.21,iPhone
TX00685,U019,9225.09,2025-07-16 18:52:59,Garciaville,Williams PLC,81.91.52.120,Android
TX00686,U001,5454.86,2025-07-27 11:20:41,Timothyberg,shady_merchant,149.126.14.219,Android
TX00687,U007,40.39,2025-07-18 11:05:57,Liege,"Anderson, Walsh and Hernandez",142.248.221.41,Android
TX00688,U011,10000.0,2025-07-13 06:14:41,Bryantbury,Hudson-Rocha,198.76.32.99,Windows
TX00689,U018,5000.0,2025-08-04 16:02:30,Brussels,Gardner-Orozco,106.127.2.253,iPhone
TX00690,U040,5270.41,2025-07-09 08:58:51,Brussels,"Smith, Pruitt and Bailey",76.135.199.43,Android
TX00691,U004,7850.36,2025-07-11 11:16:35,Liege,"Brady, Watson and Levine",81.21.245.155,Windows
TX00692,U025,15000.0,2025-08-01 21:15:34,Ghent,Woods-Kim,122.75.89.101,Windows
TX00693,U026,3226.98,2025-07-30 11:30:27,Brussels,"Mathis, Larson and Graham",161.254.57.213,Windows
TX00694,U045,10000.0,2025-07-09 12:53:13,North Jerryton,Wilkerson-Salinas,170.85.36.132,iPhone
TX00695,U016,15000.0,2025-07-18 11:52:41,Antwerp,English and Sons,157.35.50.245,iPhone
TX00696,U039,5000.0,2025-08-02 12:04:03,Lake Ronaldbury,Scott-Mcpherson,72.191.213.62,iPhone
TX00697,U025,7576.51,2025-07-21 13:27:19,Ghent,"Scott, Ellis and Rodriguez",42.1.82.205,Android
TX00698,U016,15000.0,2025-07-10 05:45:15,Antwerp,Stanley LLC,157.35.50.245,iPhone
TX00699,U016,5000.0,2025-07-13 13:04:10,Antwerp,Flores-Ward,195.136.145.193,iPhone
TX00700,U046,5000.0,2025-07-17 02:40:52,Ghent,Weber and Sons,131.133.33.75,Android
TX00701,U023,5000.0,2025-07-20 01:39:31,Ghent,"Goodman, Mccoy and Henry",39.200.62.113,iPhone
TX00702,U005,15000.0,2025-08-04 18:41:36,Brussels,"Mckenzie, Davis and Hill",111.188.194.110,Android
TX00703,U041,15000.0,2025-07-14 18:26:45,Liege,gambling_site,10.126.204.121,Windows
TX00704,U045,5000.0,2025-07-17 02:43:23,Ghent,"Ray, Mcintosh and Hansen",170.85.36.132,Windows
TX00705,U037,4459.11,2025-07-31 12:15:12,Ghent,Jones-Weaver,186.145.246.73,iPhone
TX00706,U011,6285.63,2025-07-23 00:44:59,Antwerp,Bell Inc,198.76.32.99,iPhone
TX00707,U020,1615.09,2025-07-21 01:43:58,Liege,Watson Ltd,46.160.144.4,Android
TX00708,U035,15000.0,2025-07-08 08:29:53,Ghent,"Gray, Chavez and Bennett",82.182.106.36,Android
TX00709,U012,10000.0,2025-07-22 09:24:05,Brussels,Williams-Roberts,105.95.219.189,iPhone
TX00710,U001,5000.0,2025-07-15 10:23:40,Antwerp,shady_merchant,149.126.14.219,iPhone
TX00711,U015,879.99,2025-07-14 00:13:34,Brussels,Baxter Ltd,73.175.25.155,Android
TX00712,U004,1900.93,2025-07-24 00:26:46,Liege,West Ltd,81.21.245.155,Windows
TX00713,U032,5000.0,2025-07-28 10:55:40,Antwerp,"Frank, Sanchez and Fernandez",90.139.114.111,Android
TX00714,U039,4350.98,2025-07-10 09:00:15,Ghent,"Stark, Beard and Thomas",72.191.213.62,iPhone
TX00715,U034,5000.0,2025-07-28 15:12:02,Ghent,Juarez-Guzman,140.91.50.65,iPhone
TX00716,U017,15000.0,2025-07-27 14:43:10,Brussels,"Chavez, Reed and Collins",25.47.206.119,iPhone
TX00717,U043,15000.0,2025-07-12 17:58:15,Brussels,Reyes Ltd,112.138.169.78,iPhone
TX00718,U013,10000.0,2025-07-17 20:18:21,Liege,Mcknight-Campbell,57.59.44.16,Android
TX00719,U022,1000.0,2025-08-03 08:33:21,North Aaronstad,Thomas PLC,64.114.105.76,Android
TX00720,U002,10000.0,2025-07-31 22:11:21,Antwerp,Anderson-Hall,142.43.239.110,Windows
TX00721,U022,2000.0,2025-08-01 11:26:40,Ghent,"Vega, Cook and Gibbs",116.90.103.185,Android
TX00722,U027,6180.34,2025-07-26 10:56:16,Ghent,Lester PLC,14.71.9.254,iPhone
TX00723,U013,1044.43,2025-07-25 06:03:58,Liege,"Mason, Stephens and Cortez",57.59.44.16,Android
TX00724,U045,8758.79,2025-08-03 12:35:14,Ghent,Herrera and Sons,170.85.36.132,Windows
TX00725,U039,2643.78,2025-07-24 03:37:47,Ghent,gambling_site,72.191.213.62,iPhone
TX00726,U011,7773.27,2025-07-22 15:09:59,Antwerp,gambling_site,198.76.32.99,iPhone
TX00727,U031,5847.44,2025-07-29 17:30:26,Antwerp,gambling_site,161.114.59.238,Android
TX00728,U043,4463.46,2025-07-31 07:31:59,Brussels,shady_merchant,112.138.169.78,iPhone
TX00729,U037,1000.0,2025-07-10 21:19:25,Ghent,Lucas Inc,186.145.246.73,iPhone
TX00730,U026,5000.0,2025-08-04 02:38:55,Brussels,Simmons PLC,161.254.57.213,Windows
TX00731,U045,5973.49,2025-07-18 18:35:56,Ghent,"Brown, Miller and David",170.85.36.132,Windows
TX00732,U040,9621.17,2025-07-18 14:01:14,Brussels,gambling_site,25.230.220.166,iPhone
TX00733,U009,7320.15,2025-08-01 03:55:42,Antwerp,Rojas-Thompson,138.132.58.145,Android
TX00734,U043,5000.0,2025-07-08 06:23:01,Lake Davidstad,Sellers PLC,156.127.229.202,iPhone
TX00735,U018,8023.33,2025-07-27 13:49:12,Brussels,Lewis LLC,36.86.40.39,iPhone
TX00736,U020,10000.0,2025-07-24 21:31:12,Liege,Morgan PLC,16.175.9.115,Android
TX00737,U049,7635.88,2025-07-16 21:24:15,New Joseph,shady_merchant,153.162.20.64,Android
TX00738,U000,8865.93,2025-07-14 06:21:49,Antwerp,Flores Ltd,138.55.73.21,iPhone
TX00739,U034,10000.0,2025-07-22 02:29:17,Ghent,"Reid, Ortega and Schultz",140.91.50.65,Android
TX00740,U016,1000.0,2025-07-30 07:35:19,Antwerp,Davenport LLC,13.92.70.236,iPhone
TX00741,U018,2000.0,2025-08-01 20:02:05,East Dennisfort,Galloway-Zimmerman,18.158.28.119,iPhone
TX00742,U002,6362.15,2025-08-03 04:10:31,Antwerp,Dunlap-Glover,142.43.239.110,Windows
TX00743,U024,1000.0,2025-07-09 18:17:31,East Davidview,"Clark, Ballard and Webster",217.213.97.28,iPhone
TX00744,U042,10000.0,2025-07-31 00:04:10,Liege,"Newman, Chapman and Bullock",12.240.217.204,iPhone
TX00745,U036,10000.0,2025-07-10 20:12:07,Ghent,Robinson-Ramos,102.145.176.7,iPhone
TX00746,U019,5000.0,2025-07-14 22:14:23,Liege,"Yates, Donovan and Gardner",89.200.82.179,Android
TX00747,U019,1000.0,2025-08-05 22:54:13,Liege,gambling_site,81.91.52.120,Android
TX00748,U003,1000.0,2025-07-19 21:14:03,Liege,"Manning, Williams and Perkins",38.106.65.140,Android
TX00749,U006,2000.0,2025-07-22 16:15:25,Brussels,Brown-Taylor,50.235.77.165,Windows
TX00750,U034,241.42,2025-07-15 01:09:32,Ghent,Pierce Inc,140.91.50.65,iPhone
TX00751,U001,10000.0,2025-07-17 12:16:12,Antwerp,shady_merchant,17.182.239.28,Android
TX00752,U045,9221.96,2025-08-04 18:19:40,Ghent,Reynolds Ltd,157.204.162.81,Windows
TX00753,U024,5000.0,2025-07-20 04:36:57,Brussels,Huang Ltd,217.213.97.28,iPhone
TX00754,U027,8230.94,2025-08-04 12:52:38,Ghent,Washington-Bowman,78.185.111.100,iPhone
TX00755,U003,5000.0,2025-07-24 19:46:49,Liege,"Mills, Bowen and Schwartz",36.98.213.67,Android
TX00756,U034,1417.92,2025-08-05 21:58:11,Ghent,Smith LLC,25.139.232.230,iPhone
TX00757,U036,5000.0,2025-07-13 23:57:39,Ghent,"Johnson, Donaldson and Yoder",91.81.170.184,iPhone
TX00758,U001,3757.23,2025-07-10 05:30:58,Antwerp,Paul-Howard,106.23.108.230,Android
TX00759,U037,4548.09,2025-07-23 01:38:43,Ghent,Jones LLC,186.145.246.73,iPhone
TX00760,U006,15000.0,2025-07-11 09:24:58,West Joshuamouth,Reynolds Group,50.235.77.165,Android
TX00761,U040,9496.86,2025-07-31 17:30:44,Brussels,"Watts, Conner and Santana",76.135.199.43,iPhone
TX00762,U001,4517.47,2025-07-10 04:59:00,Antwerp,Winters PLC,149.126.14.219,Android
TX00763,U031,8761.11,2025-07-30 17:26:14,Antwerp,Marquez Group,161.114.59.238,Android
TX00764,U049,10000.0,2025-08-01 15:04:18,Liege,"Baker, Carroll and Miller",30.221.185.24,Android
TX00765,U035,2000.0,2025-08-05 00:57:09,Ghent,Day-Kelley,181.7.53.169,Windows
TX00766,U002,15000.0,2025-07-25 18:37:07,Antwerp,Hubbard-Henry,82.203.12.78,Windows
TX00767,U039,285.35,2025-07-22 23:18:39,East Latoya,Hernandez Ltd,72.191.213.62,iPhone
TX00768,U022,2000.0,2025-07-25 15:24:24,Ghent,shady_merchant,64.114.105.76,Android
TX00769,U010,5000.0,2025-07-09 16:59:57,Antwerp,Dunn-Sullivan,211.160.50.150,Android
TX00770,U035,15000.0,2025-07-13 16:41:03,Ghent,Jackson-Reyes,82.182.106.36,Windows
TX00771,U023,10000.0,2025-07-14 16:20:33,Ghent,gambling_site,39.200.62.113,iPhone
TX00772,U023,3211.56,2025-08-06 13:07:56,Ghent,Arias Group,147.157.188.123,iPhone
TX00773,U045,3756.41,2025-07-20 12:04:00,Howechester,Choi-Bauer,170.85.36.132,Windows
TX00774,U036,5000.0,2025-07-27 11:44:24,Ghent,"Tyler, Flores and Campos",91.81.170.184,Android
TX00775,U041,2000.0,2025-07-16 22:39:16,West Sarah,Keith-Castillo,10.126.204.121,Windows
TX00776,U005,1000.0,2025-07-15 18:52:07,Port Larry,Howell-Wood,178.153.70.30,iPhone
TX00777,U015,7788.28,2025-07-11 12:36:03,Brussels,Livingston and Sons,181.88.174.127,Android
TX00778,U034,6079.04,2025-07-10 21:20:11,Ghent,Lin Ltd,140.91.50.65,iPhone
TX00779,U011,9744.73,2025-07-10 14:50:57,Antwerp,Coleman PLC,198.76.32.99,iPhone
TX00780,U020,4713.02,2025-07-24 16:57:15,Liege,Delgado-Cooper,16.175.9.115,Android
TX00781,U004,6276.96,2025-08-03 03:18:39,Brooketown,Owen Ltd,81.21.245.155,Windows
TX00782,U005,7629.64,2025-08-03 08:34:40,Brussels,Davis-Moore,68.84.121.18,iPhone
TX00783,U031,5498.99,2025-08-04 02:08:40,Antwerp,"Hunt, Wells and Goodman",161.114.59.238,Android
TX00784,U022,4154.85,2025-08-02 12:11:39,New Cherylton,Brooks-Fletcher,97.112.46.225,Android
TX00785,U025,6335.52,2025-07-24 02:23:39,Ghent,Kaiser-Tran,153.90.195.160,Android
TX00786,U041,15000.0,2025-08-04 03:01:04,Brownville,Martinez Ltd,10.126.204.121,Windows
TX00787,U000,4623.06,2025-08-02 18:12:07,Antwerp,shady_merchant,138.55.73.21,iPhone
TX00788,U046,10000.0,2025-07-21 00:15:14,Ghent,Woodard and Sons,131.133.33.75,Android
TX00789,U031,15000.0,2025-08-04 02:02:06,Antwerp,Young-Gonzalez,161.114.59.238,Android
TX00790,U017,1980.26,2025-07-17 05:23:29,Brussels,Crane Inc,139.80.128.192,Windows
TX00791,U038,9960.99,2025-07-30 08:30:28,Antwerp,"Figueroa, Hooper and Diaz",72.240.109.133,iPhone
TX00792,U030,2842.99,2025-07-25 23:50:08,Liege,shady_merchant,104.63.185.245,iPhone
TX00793,U043,260.56,2025-07-09 19:47:57,Brussels,shady_merchant,112.138.169.78,iPhone
TX00794,U013,2000.0,2025-07-13 16:15:49,Mccarthyfort,Hudson-Cooper,57.59.44.16,Android
TX00795,U044,3827.95,2025-07-18 16:41:51,Brussels,"Williams, Flores and Johnson",88.111.124.12,Android
TX00796,U037,1874.31,2025-07-25 22:00:09,Ghent,Thompson Inc,100.216.57.196,iPhone
TX00797,U016,5000.0,2025-07-15 07:20:17,Antwerp,Miller LLC,157.35.50.245,iPhone
TX00798,U046,529.45,2025-07-20 11:06:59,Ghent,"Chandler, Mosley and Davis",131.133.33.75,Android
TX00799,U004,1000.0,2025-07-21 05:05:34,Liege,"Peterson, Cook and Garcia",81.21.245.155,Windows
TX00800,U029,1310.05,2025-07-09 23:25:18,Antwerp,Green-Richard,150.239.153.53,Windows
TX00801,U044,3702.68,2025-07-22 13:12:26,Brussels,Miller and Sons,88.111.124.12,Android
TX00802,U017,2000.0,2025-07-27 09:29:10,Brussels,Sanchez Group,100.233.246.29,Windows
TX00803,U022,5203.4,2025-07-12 20:47:09,Ghent,"Martinez, Reid and Mercer",85.23.198.198,Android
TX00804,U019,4536.76,2025-07-27 22:18:16,Liege,Mckenzie and Sons,81.91.52.120,Android
TX00805,U032,5000.0,2025-07-21 01:14:05,Antwerp,Raymond Group,82.25.6.58,Android
TX00806,U014,1894.21,2025-08-05 14:00:34,South Karenton,Avila-Miranda,37.220.133.182,Windows
TX00807,U013,10000.0,2025-07-18 09:05:32,North Justin,Zuniga-Harrison,57.59.44.16,Android
TX00808,U028,2268.28,2025-07-16 00:49:28,Ericmouth,English-Johnson,173.52.76.152,iPhone
TX00809,U048,2000.0,2025-07-18 10:37:44,South Jeffville,Porter-Scott,48.136.244.209,Android
TX00810,U040,15000.0,2025-07-26 11:29:14,Brussels,Ramos-Rodriguez,76.135.199.43,iPhone
TX00811,U020,2000.0,2025-07-12 17:44:50,Liege,Cole-Alexander,16.175.9.115,Android
TX00812,U031,6164.12,2025-07-13 04:01:31,Antwerp,Williams-Curry,161.114.59.238,Android
TX00813,U000,1000.0,2025-07-24 09:41:16,Antwerp,Ball Ltd,138.55.73.21,iPhone
TX00814,U010,10000.0,2025-07-26 14:10:11,Antwerp,Thompson and Sons,61.2.143.121,Android
TX00815,U019,2000.0,2025-07-28 04:19:45,Liege,"Cole, Wyatt and Smith",81.91.52.120,Android
TX00816,U026,15000.0,2025-07-11 01:12:41,Butlerfort,"Richardson, Turner and Oliver",121.62.225.187,Windows
TX00817,U015,15000.0,2025-07-30 06:39:34,Brussels,"King, Smith and Moreno",73.175.25.155,Android
TX00818,U003,10000.0,2025-07-17 00:24:25,Liege,"Cooper, Arellano and Whitney",36.98.213.67,iPhone
TX00819,U022,2000.0,2025-07-22 09:25:00,East Edwardburgh,gambling_site,64.114.105.76,Android
TX00820,U022,7965.99,2025-07-29 23:17:24,Ghent,"Mata, King and Hodges",64.114.105.76,Android
TX00821,U044,15000.0,2025-07-30 20:42:17,Brussels,Friedman LLC,88.111.124.12,Android
TX00822,U025,5977.87,2025-07-19 06:05:18,Ghent,Mendez PLC,122.75.89.101,iPhone
TX00823,U046,3642.14,2025-08-05 12:01:50,Ghent,Mueller and Sons,131.133.33.75,Android
TX00824,U028,9063.14,2025-07-30 01:44:33,Antwerp,Peterson-Lawrence,173.52.76.152,iPhone
TX00825,U030,2000.0,2025-07-17 21:23:42,Liege,Jimenez-Hall,104.63.185.245,Android
TX00826,U004,2000.84,2025-07-23 03:08:30,West Mariemouth,shady_merchant,81.21.245.155,Android
TX00827,U022,3903.32,2025-08-06 07:51:57,Ghent,Powell-Fox,64.114.105.76,Android
TX00828,U029,295.47,2025-07-27 22:16:39,Antwerp,Tucker-Martin,150.239.153.53,iPhone
TX00829,U002,5000.0,2025-07-15 07:13:09,Antwerp,"White, Pena and Tate",142.43.239.110,Windows
TX00830,U022,2000.0,2025-08-04 12:33:04,Ghent,Cannon-Gonzalez,64.114.105.76,iPhone
TX00831,U000,15000.0,2025-07-30 20:00:11,Antwerp,Keller PLC,192.202.160.5,iPhone
TX00832,U037,5647.07,2025-07-08 16:45:23,Walkerfort,"Mora, Harris and Gonzales",186.145.246.73,iPhone
TX00833,U002,5763.05,2025-08-05 07:56:16,Antwerp,Mccoy-Winters,142.43.239.110,Windows
TX00834,U023,8341.5,2025-07-30 11:24:56,Ghent,Keith-Cantrell,39.200.62.113,iPhone
TX00835,U035,10000.0,2025-07-09 11:28:12,Ghent,"Crawford, Black and Cruz",82.182.106.36,Android
TX00836,U004,5000.0,2025-08-05 13:21:13,Liege,gambling_site,81.21.245.155,Windows
TX00837,U033,451.22,2025-07-24 16:48:23,Antwerp,Gregory LLC,18.12.31.214,Android
TX00838,U023,7130.39,2025-08-05 14:27:03,Port Debbieburgh,Rogers-Cooper,39.200.62.113,iPhone
TX00839,U006,5000.0,2025-07-29 16:56:18,Haynesshire,"Brown, Tucker and Carpenter",50.235.77.165,Android
TX00840,U018,6414.47,2025-07-27 15:52:41,Brussels,shady_merchant,38.152.222.221,iPhone
TX00841,U018,15000.0,2025-08-04 06:44:48,Brussels,gambling_site,36.86.40.39,iPhone
TX00842,U029,2000.0,2025-07-26 00:36:58,Antwerp,shady_merchant,150.239.153.53,Windows
TX00843,U006,10000.0,2025-07-19 01:24:19,Brussels,Rodriguez PLC,207.12.59.69,Android
TX00844,U001,4335.96,2025-07-09 12:05:47,Antwerp,shady_merchant,149.126.14.219,Android
TX00845,U033,2000.0,2025-08-01 09:54:18,Antwerp,Dunlap Inc,193.93.21.66,Android
TX00846,U041,431.92,2025-07-13 16:00:56,Liege,"Nguyen, Nicholson and Little",10.126.204.121,Windows
TX00847,U006,6990.77,2025-07-08 07:12:27,Brussels,Garner-Kane,50.235.77.165,iPhone
TX00848,U044,97.73,2025-07-26 20:05:17,Brussels,"Wilson, Stewart and Small",88.111.124.12,Android
TX00849,U005,5015.09,2025-07-13 22:40:28,Murphyfurt,"Murphy, Martin and Brewer",68.84.121.18,Android
TX00850,U022,2476.63,2025-07-30 03:58:55,Hernandezfort,shady_merchant,64.114.105.76,Android
TX00851,U018,15000.0,2025-07-16 00:55:04,Brussels,gambling_site,81.11.42.32,iPhone
TX00852,U002,7704.66,2025-07-23 04:27:23,Antwerp,gambling_site,142.43.239.110,Windows
TX00853,U040,3947.88,2025-07-30 23:57:14,Brussels,Jackson-Dickson,76.135.199.43,Windows
TX00854,U025,15000.0,2025-07-22 15:33:36,Ghent,Smith-Stephens,122.75.89.101,Android
TX00855,U023,4850.15,2025-07-24 01:45:30,Ghent,shady_merchant,39.200.62.113,iPhone
TX00856,U007,15000.0,2025-08-01 10:23:16,Liege,"Little, Kerr and Spencer",142.248.221.41,Windows
TX00857,U043,7837.98,2025-07-14 11:58:05,Brussels,"Gill, Smith and Mahoney",162.181.146.80,iPhone
TX00858,U003,1571.58,2025-07-26 00:11:12,Billystad,Wilson-Leonard,36.98.213.67,Android
TX00859,U047,9896.81,2025-07-10 17:41:29,Brussels,"Kirby, Ramirez and Benjamin",116.132.218.135,Android
TX00860,U002,5984.83,2025-07-19 09:35:40,Antwerp,Harris-White,142.43.239.110,Windows
TX00861,U040,7542.98,2025-07-16 10:58:37,Brussels,"Burke, Hernandez and Young",76.135.199.43,iPhone
TX00862,U026,829.06,2025-07-10 23:44:46,Ashleyville,Hall-Jones,59.53.121.109,Windows
TX00863,U047,10000.0,2025-07-27 20:06:30,Brussels,Castillo-Moyer,23.105.115.66,Android
TX00864,U034,5000.0,2025-08-04 15:17:50,Ghent,Mccoy Ltd,140.91.50.65,iPhone
TX00865,U014,1053.13,2025-07-30 19:48:21,Antwerp,Mullen-Mcneil,37.220.133.182,iPhone
TX00866,U000,15000.0,2025-07-12 16:02:55,North Karaville,"Rios, Gomez and James",95.177.19.165,iPhone
TX00867,U003,6158.68,2025-07-24 13:49:11,Liege,shady_merchant,36.98.213.67,Android
TX00868,U005,457.55,2025-07-21 16:05:31,Brussels,shady_merchant,68.84.121.18,Windows
TX00869,U040,5000.0,2025-07-31 21:39:39,Kristenland,Nguyen-Scott,76.135.199.43,iPhone
TX00870,U042,2000.0,2025-07-12 20:31:57,Liege,Padilla Ltd,12.240.217.204,Windows
TX00871,U037,5278.61,2025-07-15 04:32:32,Ghent,"Mills, Salinas and Kramer",186.145.246.73,iPhone
TX00872,U002,6077.36,2025-08-05 19:45:17,Antwerp,Cook-Cook,142.43.239.110,Android
TX00873,U021,5000.0,2025-08-01 02:45:53,Liege,Griffin-Moran,91.114.83.82,Windows
TX00874,U037,9804.86,2025-07-24 14:11:18,Ghent,Hernandez-Tyler,186.145.246.73,iPhone
TX00875,U011,2000.0,2025-07-21 19:17:26,Spencerbury,shady_merchant,198.76.32.99,iPhone
TX00876,U012,5000.0,2025-07-08 02:17:53,Brussels,Fuller Ltd,105.95.219.189,Android
TX00877,U001,4448.01,2025-07-24 03:59:45,Erikaport,Malone PLC,171.16.228.180,Android
TX00878,U019,2000.0,2025-08-02 16:27:38,Kimberlyport,Perez LLC,81.91.52.120,Android
TX00879,U008,15000.0,2025-07-13 16:44:44,New Markburgh,"Walker, Wheeler and Taylor",41.190.36.206,iPhone
TX00880,U031,2399.63,2025-07-13 05:27:10,Antwerp,Dickerson PLC,209.62.239.255,Android
TX00881,U043,1000.0,2025-07-09 23:03:06,Brussels,Smith Group,112.138.169.78,iPhone
TX00882,U001,5000.0,2025-07-30 05:41:40,Antwerp,Gomez-Holmes,6.83.224.153,Android
TX00883,U043,7882.13,2025-07-08 23:16:22,Brussels,Johnson-Clark,112.138.169.78,iPhone
TX00884,U022,3425.86,2025-07-14 21:13:49,Ghent,Travis and Sons,211.195.124.130,Windows
TX00885,U012,1000.0,2025-07-21 11:12:00,Brussels,Hancock-Gomez,105.95.219.189,iPhone
TX00886,U035,15000.0,2025-07-14 07:56:41,East Jeff,Finley Group,82.182.106.36,Windows
TX00887,U039,15000.0,2025-07-20 19:39:17,Ghent,Johnson-Gonzalez,72.191.213.62,iPhone
TX00888,U019,8692.47,2025-07-17 16:17:12,Liege,White Group,81.91.52.120,Android
TX00889,U016,8510.56,2025-08-05 03:57:57,Antwerp,gambling_site,157.35.50.245,iPhone
TX00890,U036,403.51,2025-08-06 10:56:25,Ghent,Shea Inc,91.81.170.184,iPhone
TX00891,U031,16.49,2025-07-12 12:00:22,Antwerp,Velazquez Group,161.114.59.238,Android
TX00892,U015,2000.0,2025-07-17 00:48:03,Brussels,Swanson-Kelley,73.175.25.155,Android
TX00893,U031,752.9,2025-07-23 14:49:32,Antwerp,Glover-Miller,161.114.59.238,Windows
TX00894,U004,4912.07,2025-07-08 11:32:20,Millston,Williams-Nelson,81.21.245.155,Windows
TX00895,U018,15000.0,2025-07-27 00:55:07,Brussels,Williams-Medina,84.80.26.67,iPhone
TX00896,U046,10000.0,2025-07-20 15:50:49,Ghent,Thompson Ltd,131.133.33.75,Android
TX00897,U015,3990.6,2025-07-20 01:37:58,Brussels,"Casey, Moses and Miller",73.175.25.155,iPhone
TX00898,U000,2131.07,2025-07-11 01:09:25,Jennifermouth,Jensen-Charles,138.55.73.21,iPhone
TX00899,U011,4037.66,2025-07-25 00:02:10,Antwerp,Campbell Ltd,198.76.32.99,iPhone
TX00900,U043,4718.85,2025-07-15 18:13:26,Brussels,"Thompson, Baker and Johnson",112.138.169.78,iPhone
TX00901,U038,1000.0,2025-08-02 16:43:32,Antwerp,Wagner-Ayers,138.194.67.173,Android
TX00902,U028,2000.0,2025-07-21 09:47:16,East Travistown,Davenport-Silva,173.52.76.152,iPhone
TX00903,U007,6615.95,2025-08-05 00:45:50,South Catherineberg,Gomez-Mcclain,170.241.47.237,Android
TX00904,U015,2769.56,2025-07-08 20:26:29,Brussels,Reynolds Ltd,73.175.25.155,Android
TX00905,U049,667.98,2025-07-15 12:19:08,Liege,Lawrence PLC,21.129.98.116,Android
TX00906,U022,3597.08,2025-07-08 16:31:27,East Ryanmouth,"Matthews, Dawson and Hill",64.114.105.76,Android
TX00907,U029,4939.5,2025-07-24 10:14:45,Antwerp,Woods-Roberts,150.239.153.53,Windows
TX00908,U035,1000.0,2025-07-24 07:01:40,Ghent,Hopkins PLC,82.182.106.36,Windows
TX00909,U016,956.99,2025-07-22 06:57:40,Stoneport,Jackson PLC,104.90.252.157,iPhone
TX00910,U033,1000.0,2025-07-28 19:21:47,Antwerp,Austin PLC,18.12.31.214,Android
TX00911,U022,8415.28,2025-07-15 16:35:42,Ghent,"Lee, Schwartz and Thomas",64.114.105.76,Android
TX00912,U040,7641.83,2025-07-17 01:43:53,Brussels,Bell and Sons,183.245.138.64,iPhone
TX00913,U001,9798.29,2025-07-21 22:50:35,Antwerp,Joseph LLC,149.126.14.219,Windows
TX00914,U049,10000.0,2025-07-22 14:24:08,Liege,"Graham, Ford and Owen",33.182.56.184,Android
TX00915,U015,1669.25,2025-07-24 13:31:51,Brussels,"Miller, Morgan and Sparks",73.175.25.155,Android
TX00916,U039,8238.84,2025-07-17 11:18:49,Ghent,Grant Ltd,83.97.157.174,iPhone
TX00917,U038,2818.11,2025-07-14 16:06:45,Antwerp,Fisher-Jones,72.240.109.133,iPhone
TX00918,U000,8714.67,2025-07-11 19:47:30,Antwerp,Rojas Ltd,138.55.73.21,iPhone
TX00919,U003,10000.0,2025-07-24 01:30:36,Liege,"Brown, Espinoza and Brooks",20.160.40.175,Android
TX00920,U005,8703.82,2025-07-17 11:42:01,Brussels,"Johnson, Smith and Montoya",68.84.121.18,Android
TX00921,U013,1000.0,2025-08-03 11:04:29,Liege,"Brandt, Murphy and Jones",57.59.44.16,Windows
TX00922,U004,8224.21,2025-07-16 17:22:33,Amandabury,"Soto, Trujillo and Martin",81.21.245.155,Windows
TX00923,U021,15000.0,2025-08-04 19:37:19,New Carlatown,"Boyd, Brown and Smith",201.63.212.224,Windows
TX00924,U032,2646.33,2025-08-02 07:30:44,South Allison,shady_merchant,58.229.176.63,iPhone
TX00925,U019,5746.44,2025-08-02 08:45:01,Liege,Browning Group,81.91.52.120,Android
TX00926,U040,2000.0,2025-07-18 07:37:33,Tonyside,gambling_site,76.135.199.43,iPhone
TX00927,U029,7328.8,2025-07-26 02:35:13,Antwerp,Horne Inc,182.62.190.174,iPhone
TX00928,U014,15000.0,2025-07-10 01:31:51,Antwerp,Jones-Patterson,37.220.133.182,Windows
TX00929,U005,5000.0,2025-07-22 02:35:13,Brussels,Barrett-Bright,68.84.121.18,Android
TX00930,U010,10000.0,2025-07-25 11:10:26,Lake Barbarastad,Cain and Sons,211.160.50.150,Windows
TX00931,U030,2059.56,2025-07-31 21:11:31,Liege,gambling_site,121.128.30.118,Android
TX00932,U042,1000.0,2025-07-14 13:41:03,Liege,Allen-Rogers,12.240.217.204,Windows
TX00933,U012,5000.0,2025-07-17 03:33:44,Brussels,Preston PLC,105.95.219.189,Android
TX00934,U019,1046.49,2025-07-09 07:13:03,Liege,"Carpenter, Davis and Johnson",81.91.52.120,Android
TX00935,U000,4418.33,2025-07-30 18:21:13,Antwerp,Payne-Parker,138.55.73.21,iPhone
TX00936,U047,2000.0,2025-07-13 23:47:15,Brussels,Perez-Miller,116.132.218.135,Android
TX00937,U023,5233.1,2025-07-25 17:31:57,Davisland,Burch Group,39.200.62.113,Android
TX00938,U010,10000.0,2025-07-31 01:51:37,Matthewbury,Obrien Ltd,211.160.50.150,Windows
TX00939,U009,1723.12,2025-08-02 11:42:24,Antwerp,Waters-Wang,108.48.252.196,Android
TX00940,U008,15000.0,2025-07-14 17:27:54,Smithmouth,Brown LLC,41.190.36.206,Windows
TX00941,U000,3364.21,2025-07-13 00:05:03,Antwerp,shady_merchant,138.55.73.21,iPhone
TX00942,U037,5000.0,2025-07-28 01:54:08,Ghent,Williams-Sullivan,186.145.246.73,iPhone
TX00943,U043,4723.02,2025-07-30 08:17:58,Brussels,Flores-Roberts,56.32.236.92,iPhone
TX00944,U002,6566.37,2025-07-22 19:43:02,Antwerp,Munoz-Gibson,142.43.239.110,Windows
TX00945,U045,5795.53,2025-07-21 21:19:25,Ghent,shady_merchant,170.85.36.132,Windows
TX00946,U039,2000.0,2025-07-28 23:39:39,Ghent,shady_merchant,72.191.213.62,iPhone
TX00947,U000,1000.0,2025-07-30 12:40:31,Lake Debra,gambling_site,138.55.73.21,iPhone
TX00948,U013,10000.0,2025-08-01 12:45:35,Liege,Rogers-Gonzalez,57.59.44.16,Android
TX00949,U017,4272.28,2025-07-14 12:21:42,Nicoleberg,"Briggs, Edwards and Keller",25.47.206.119,Windows
TX00950,U024,1536.06,2025-07-16 20:47:43,Brussels,Coleman-Kim,116.168.72.53,Android
TX00951,U012,2000.0,2025-07-18 23:36:08,Brussels,gambling_site,105.95.219.189,Android
TX00952,U013,8522.01,2025-08-04 10:24:19,Liege,"Miller, Nguyen and White",57.59.44.16,Android
TX00953,U016,5906.19,2025-07-19 19:17:25,Antwerp,"Johnson, Compton and Nielsen",157.35.50.245,iPhone
TX00954,U006,7878.36,2025-07-30 19:37:40,Brussels,Jenkins-Hill,50.235.77.165,Android
TX00955,U025,5000.0,2025-07-12 19:55:00,Ghent,"Davis, Austin and Hardy",122.75.89.101,Android
TX00956,U032,15000.0,2025-07-30 09:05:32,Antwerp,"Ray, Gilmore and Sanchez",82.25.6.58,Android
TX00957,U007,15000.0,2025-07-13 11:20:04,Liege,Mullins and Sons,142.248.221.41,Android
TX00958,U012,15000.0,2025-08-05 13:28:58,Brussels,"Valencia, Smith and Greene",105.95.219.189,Android
TX00959,U038,3427.99,2025-07-09 15:13:02,Antwerp,"Ryan, Long and Burton",72.240.109.133,iPhone
TX00960,U045,2774.51,2025-07-13 03:10:14,Ghent,gambling_site,170.85.36.132,Android
TX00961,U011,1000.0,2025-07-25 21:23:52,Antwerp,Williams PLC,31.81.158.160,iPhone
TX00962,U029,10000.0,2025-07-14 18:19:49,Antwerp,gambling_site,150.239.153.53,Windows
TX00963,U035,15000.0,2025-07-29 18:59:55,Ghent,Cherry-Sanders,82.182.106.36,Windows
TX00964,U043,1000.0,2025-07-27 15:46:15,Brussels,Meyer LLC,112.138.169.78,iPhone
TX00965,U023,2000.0,2025-07-26 04:48:30,Ghent,"Mcdonald, Wilson and Cain",39.200.62.113,iPhone
TX00966,U035,2170.98,2025-07-28 12:19:15,East Andrew,"Webb, Collins and Hendricks",82.182.106.36,Windows
TX00967,U011,3606.99,2025-08-05 04:05:00,Antwerp,Cruz Inc,198.76.32.99,iPhone
TX00968,U039,5000.0,2025-07-31 12:43:47,Ghent,Jones-Sandoval,72.191.213.62,iPhone
TX00969,U028,3976.44,2025-07-18 09:58:33,Antwerp,Gonzalez-Orozco,173.52.76.152,iPhone
TX00970,U001,2171.42,2025-08-04 05:43:14,Antwerp,Duran-White,144.190.246.247,Windows
TX00971,U017,1000.0,2025-07-12 14:30:43,Brussels,Brooks Ltd,25.47.206.119,Windows
TX00972,U042,2000.0,2025-08-03 16:31:54,Liege,"Bryant, Fuentes and Peterson",113.148.180.23,Windows
TX00973,U002,7748.4,2025-07-21 18:55:09,Antwerp,Hernandez Group,142.43.239.110,Windows
TX00974,U010,2000.0,2025-07-27 09:48:24,Antwerp,Mccormick Group,58.61.176.172,Windows
TX00975,U047,782.71,2025-07-23 14:26:57,Brussels,Wang LLC,116.132.218.135,Android
TX00976,U046,768.0,2025-07-22 15:29:14,Ghent,Ryan LLC,131.133.33.75,Android
TX00977,U035,2000.0,2025-07-20 04:17:05,Ghent,Wiley-Callahan,82.182.106.36,iPhone
TX00978,U045,145.39,2025-07-17 11:34:56,Ghent,Jackson-Fuentes,170.85.36.132,iPhone
TX00979,U015,74.12,2025-07-10 02:04:36,Brussels,Cochran-Simmons,73.175.25.155,iPhone
TX00980,U049,5000.0,2025-07-23 04:16:17,Liege,"Saunders, Harrington and Stout",33.182.56.184,Android
TX00981,U039,15000.0,2025-07-20 18:18:03,South Emilyberg,"Pierce, Nichols and Elliott",72.191.213.62,iPhone
TX00982,U049,2894.86,2025-07-18 05:47:32,New Justinside,Cox-Bailey,33.182.56.184,Android
TX00983,U000,8580.93,2025-07-15 15:13:00,Antwerp,Cole-Curtis,138.55.73.21,iPhone
TX00984,U010,9236.89,2025-07-28 16:26:57,Antwerp,Bentley PLC,211.160.50.150,Windows
TX00985,U001,7434.11,2025-07-28 00:19:30,Antwerp,Powell Group,149.126.14.219,Android
TX00986,U037,2000.0,2025-07-11 11:46:51,Ghent,"Sanchez, Nash and Hall",43.62.25.191,iPhone
TX00987,U045,499.98,2025-07-27 16:42:47,Ghent,Mays-Sherman,170.85.36.132,Windows
TX00988,U045,3428.11,2025-08-04 15:05:14,Ghent,"Ball, Boyd and Harris",136.113.40.201,iPhone
TX00989,U005,15000.0,2025-07-12 03:32:00,Brussels,"Hall, Jones and Hernandez",68.84.121.18,Android
TX00990,U040,6597.9,2025-07-07 20:26:47,Jenniferstad,"Le, Smith and Hanna",76.135.199.43,iPhone
TX00991,U014,2.76,2025-07-10 07:41:00,Kaylaland,Robertson-Swanson,20.81.157.211,Windows
TX00992,U034,9872.27,2025-07-18 01:18:27,Ghent,"Hanson, Scott and Castro",50.250.1.108,Android
TX00993,U002,8499.54,2025-07-30 03:14:50,Antwerp,Kelly Ltd,142.43.239.110,Windows
TX00994,U020,6894.87,2025-07-22 11:22:37,Liege,Nelson-Williams,16.175.9.115,Android
TX00995,U001,6961.85,2025-07-10 05:13:37,Antwerp,Torres-Hughes,149.126.14.219,Android
TX00996,U040,4826.52,2025-07-20 05:38:28,Brussels,Walker-Bennett,192.149.195.166,iPhone
TX00997,U033,10000.0,2025-07-23 12:47:26,Michaelbury,Duarte PLC,126.233.61.8,Android
TX00998,U021,2103.1,2025-07-18 04:17:32,Liege,Henry and Sons,91.114.83.82,Windows
TX00999,U012,3990.62,2025-07-25 03:08:17,Brussels,shady_merchant,105.95.219.189,Android
